feature,mean_abs_shap,mean_shap,modality
PATHWAY_NAME_Unknown,0.032054733,-0.004099207,pathway
fp_356,0.014633311,-0.0026700029,fingerprint
fp_233,0.0063396227,0.0016851258,fingerprint
fp_849,0.0061256136,-0.0005296443,fingerprint
desc_fraction_csp3,0.005168247,-0.0005698895,rdkit_descriptor
desc_h_acceptors,0.004800515,0.0008605201,rdkit_descriptor
fp_807,0.0046603787,-0.00023555616,fingerprint
fp_694,0.004240232,0.0007678689,fingerprint
fp_130,0.0042226356,0.0007255023,fingerprint
fp_297,0.003632865,0.0004268498,fingerprint
target_token_MTOR,0.0030046888,0.0012550201,target_multihot
target_token_MCL1,0.0029414557,-0.00064725033,target_multihot
GMFG (9535),0.0029101886,9.052732e-05,gene_expression
IKZF1 (10320),0.0027705366,0.00014381466,gene_expression
desc_logp,0.0027593984,-0.00019522311,rdkit_descriptor
target_token_PLK1,0.0026886594,-0.0010924856,target_multihot
PUTATIVE_TARGET_Unknown,0.0025144222,-0.0007635761,target
fp_284,0.0023620587,0.0011026895,fingerprint
KRT7 (3855),0.0022824085,-8.3269784e-05,gene_expression
fp_17,0.0020205812,-0.00080968847,fingerprint
PATHWAY_NAME_RTK signaling,0.0019428595,-0.00091659167,pathway
desc_rotatable_bonds,0.0019376312,-3.016159e-06,rdkit_descriptor
fp_1010,0.0018758532,0.0016867381,fingerprint
SPN (6693),0.0018161611,-7.1440125e-05,gene_expression
PUTATIVE_TARGET_HSP90,0.0017733878,0.0017733878,target
TNFRSF12A (51330),0.0016468405,-1.7215867e-05,gene_expression
fp_541,0.0016421372,0.0004923702,fingerprint
fp_610,0.0016292348,2.4500256e-05,fingerprint
target_token_HDAC1,0.0015329709,-2.104827e-05,target_multihot
desc_h_donors,0.0014929064,-0.0002028624,rdkit_descriptor
fp_13,0.0014907074,5.289472e-05,fingerprint
fp_313,0.0014597743,-0.00041816093,fingerprint
PERP (64065),0.001455163,1.4170672e-05,gene_expression
RGL3 (57139),0.0014246501,3.1781274e-05,gene_expression
fp_63,0.0014121748,0.0006092477,fingerprint
desc_mr,0.001405433,-0.0010535691,rdkit_descriptor
desc_tpsa,0.0013885936,0.000315152,rdkit_descriptor
MET (4233),0.0013531554,-1.6140011e-06,gene_expression
fp_243,0.0012886521,0.00010475055,fingerprint
fp_162,0.0012740497,-0.00025714925,fingerprint
fp_717,0.0012514228,-0.00018317792,fingerprint
SDC4 (6385),0.00124709,1.5422824e-05,gene_expression
rppa_p62 Lck ligand_Caution,0.001223879,0.00017113042,rppa
fp_785,0.0012153585,8.522928e-05,fingerprint
fp_649,0.0011736813,0.00033447726,fingerprint
fp_424,0.0011234386,0.00012354157,fingerprint
PATHWAY_NAME_Cell cycle,0.0011212303,-9.776553e-06,pathway
fp_678,0.0010305012,0.00022005136,fingerprint
fp_412,0.0010205501,-0.00047831275,fingerprint
desc_aliphatic_rings,0.0009792594,9.060266e-05,rdkit_descriptor
PUTATIVE_TARGET_dsDNA break induction,0.0009672396,-0.00021029456,target
fp_687,0.0009541853,0.00045253983,fingerprint
fp_518,0.0009527009,-0.00026227237,fingerprint
fp_547,0.0009317289,-0.00019382307,fingerprint
PUTATIVE_TARGET_product of diversity oriented synthesis,0.0009283712,-1.4375108e-05,target
fp_723,0.00092827075,0.00015517726,fingerprint
fp_334,0.00091180694,0.00029461083,fingerprint
fp_993,0.0009052452,-0.00044296656,fingerprint
PUTATIVE_TARGET_HDAC,0.0008878782,-0.0006713492,target
target_token_MAP2K1,0.0008877874,-6.628689e-05,target_multihot
MYOF (26509),0.0008716439,-4.690276e-05,gene_expression
WWTR1 (25937),0.0008484044,-3.9857616e-05,gene_expression
fp_839,0.0008303258,2.140601e-05,fingerprint
fp_491,0.00082096737,0.00013306516,fingerprint
fp_80,0.0008082523,-0.00016087106,fingerprint
desc_mol_wt,0.00080125727,0.00010222978,rdkit_descriptor
fp_954,0.000783171,8.857219e-06,fingerprint
fp_915,0.0007782208,-0.0003778031,fingerprint
fp_524,0.0007761885,0.0004846306,fingerprint
PTPN7 (5778),0.00070511014,1.5739799e-05,gene_expression
fp_508,0.0006837324,0.000112303984,fingerprint
mut_TP53,0.0006759833,-6.6390685e-06,mutation
target_token_ATR,0.0006567198,-0.00014987127,target_multihot
PUTATIVE_TARGET_NAMPT,0.0006455984,0.0006455984,target
fp_920,0.0006312737,-0.00025957116,fingerprint
target_token_KDR,0.0006285439,-1.827759e-05,target_multihot
fp_562,0.0006230577,-4.7077374e-05,fingerprint
fp_38,0.0006226244,0.00016173956,fingerprint
PPIC (5480),0.00061622617,-6.324909e-05,gene_expression
GPNMB (10457),0.000600197,-3.0836e-05,gene_expression
PUTATIVE_TARGET_HDAC1,0.0005839959,0.0005839959,target
target_token_PSMB5,0.00056405505,4.4821132e-05,target_multihot
fp_624,0.00055287895,8.01704e-05,fingerprint
fp_1009,0.00054962037,2.8200706e-05,fingerprint
MARCKS (4082),0.00054560194,-8.470715e-06,gene_expression
fp_347,0.0005450427,-0.00032376524,fingerprint
fp_555,0.0005395909,-0.00010301542,fingerprint
ABLIM3 (22885),0.0005385399,-9.1738264e-05,gene_expression
fp_586,0.0005358061,-0.00014310949,fingerprint
fp_623,0.0005347534,-0.00014183403,fingerprint
desc_ring_count,0.0005281217,6.4451547e-06,rdkit_descriptor
target_token_HSP90,0.00051987753,0.00051987753,target_multihot
target_token_PI3K_CLASS_1,0.00051854237,-0.00013134541,target_multihot
"PATHWAY_NAME_Other, kinases",0.00051057583,2.6426607e-05,pathway
fp_828,0.0005077928,-3.8856648e-05,fingerprint
fp_926,0.0004979279,-8.894548e-05,fingerprint
AIF1 (199),0.000494146,-1.5006968e-05,gene_expression
"PUTATIVE_TARGET_MEK1, MEK2",0.00049102673,-0.00010037129,target
cn_FLI1 (2313),0.00048420395,1.2625458e-05,copy_number
fp_667,0.00048265312,-0.0001607271,fingerprint
fp_935,0.00047707374,-0.00011341443,fingerprint
fp_585,0.00047702008,-6.653843e-05,fingerprint
fp_1005,0.00046909603,7.8816876e-05,fingerprint
rppa_Bap1 c-4,0.00046753298,-4.2652588e-05,rppa
fp_107,0.00046646871,8.6503405e-06,fingerprint
fp_475,0.00046601496,0.00035910305,fingerprint
fp_74,0.0004651938,4.082437e-05,fingerprint
PATHWAY_NAME_Mitosis,0.00045920434,0.0003580163,pathway
fp_214,0.00045847354,8.127337e-05,fingerprint
fp_275,0.00045269597,2.6514499e-05,fingerprint
target_token_CDK2,0.00044844602,8.858394e-05,target_multihot
fp_487,0.00044236938,8.481117e-06,fingerprint
fp_332,0.00043938836,-0.0001626565,fingerprint
fp_834,0.00042756918,8.125103e-05,fingerprint
PATHWAY_NAME_Protein stability and degradation,0.00042308494,-0.0004214759,pathway
SLFN11 (91607),0.0004201747,-1.3250718e-07,gene_expression
PUTATIVE_TARGET_c-MET,0.00040445625,-0.00040274108,target
WAS (7454),0.00040235213,2.1363052e-05,gene_expression
target_token_DNA_CROSSLINKER,0.0003984072,0.0003984072,target_multihot
fp_831,0.00039420015,2.0181556e-05,fingerprint
fp_121,0.00039397785,-7.021031e-05,fingerprint
PUTATIVE_TARGET_Pyrimidine antimetabolite,0.00039220086,0.00039220086,target
fp_607,0.00038468887,-3.2722513e-05,fingerprint
PUTATIVE_TARGET_Gamma Secretase,0.00037041333,-0.00037041333,target
desc_saturated_rings,0.00036430568,0.00018534379,rdkit_descriptor
ATP1B1 (481),0.0003634032,7.5079906e-06,gene_expression
PRSS23 (11098),0.00035418596,2.2717866e-05,gene_expression
fp_961,0.00035347004,1.1304926e-05,fingerprint
cn_FBLN1 (2192),0.00035346972,-9.277388e-06,copy_number
fp_470,0.00035301244,-5.8297508e-05,fingerprint
target_token_CDK1,0.0003529704,8.014592e-05,target_multihot
MGLL (11343),0.00035263927,2.6068597e-05,gene_expression
PUTATIVE_TARGET_IKKb,0.00035190117,0.00035190117,target
desc_exact_mol_wt,0.0003471597,5.3891e-05,rdkit_descriptor
fp_352,0.00034168622,-8.425659e-05,fingerprint
fp_976,0.00033968472,-1.0904668e-05,fingerprint
fp_47,0.00033724954,2.1101354e-05,fingerprint
fp_152,0.0003359006,2.9016923e-05,fingerprint
"PUTATIVE_TARGET_Flt3, C-KIT, PDGFRbeta, RET, Raf kinase B, Raf kinase C, VEGFR-1, KDR, FLT4",0.0003343302,-0.0003343302,target
PUTATIVE_TARGET_EGFR,0.00033399722,-0.000245057,target
PATHWAY_NAME_Cytoskeleton,0.00033371677,6.254021e-05,pathway
fp_462,0.00033284747,6.82723e-05,fingerprint
fp_871,0.00033085517,1.4534961e-05,fingerprint
fp_511,0.00033046902,-9.842246e-05,fingerprint
PUTATIVE_TARGET_mTOR,0.00032660132,0.00032660132,target
HMGA2 (8091),0.00031084756,5.0498853e-05,gene_expression
NQO1 (1728),0.00030830744,-3.589434e-06,gene_expression
PUTATIVE_TARGET_DNA damage,0.00030628216,0.00030628216,target
MDFI (4188),0.00030202084,2.9932185e-05,gene_expression
fp_429,0.0002955216,-3.808174e-06,fingerprint
SLC38A5 (92745),0.00029481904,-1.965724e-05,gene_expression
PUTATIVE_TARGET_GPX4,0.0002935716,0.0002935716,target
FRMD6 (122786),0.00029036307,-8.140101e-06,gene_expression
target_expr_interaction_EGFR__EGFR (1956),0.00028865732,-2.9915585e-05,target_expression_interaction
LIMD2 (80774),0.00028747934,4.7665153e-06,gene_expression
fp_664,0.00028393822,1.3158691e-05,fingerprint
target_token_INDUCER_OF_DNA_DAMAGE,0.00028012262,-0.000112708614,target_multihot
PUTATIVE_TARGET_CDK7,0.00027707024,0.00027707024,target
fp_608,0.000276816,-2.6343927e-05,fingerprint
fp_250,0.00027607908,8.9077446e-05,fingerprint
fp_998,0.00027561706,-3.2279997e-05,fingerprint
PUTATIVE_TARGET_IGFR1,0.0002748385,0.0002748385,target
IGFBP5 (3488),0.00026851392,2.5820476e-05,gene_expression
fp_698,0.00026748245,8.1350074e-05,fingerprint
SYTL2 (54843),0.0002621884,6.3401685e-06,gene_expression
GJB2 (2706),0.00025807423,1.0431314e-05,gene_expression
rppa_Annexin_VII,0.0002561347,-8.319284e-06,rppa
fp_385,0.00025455197,-0.00011620964,fingerprint
PUTATIVE_TARGET_Microtubule destabiliser,0.0002537705,0.0002537705,target
PUTATIVE_TARGET_EGFR;ERBB2,0.0002536825,-1.3233689e-05,target
PATHWAY_NAME_Hormone-related,0.00025273988,-0.00025273988,pathway
fp_632,0.00024880504,-0.00017858723,fingerprint
fp_841,0.00024831583,3.1263466e-05,fingerprint
SGCE (8910),0.00024301028,-1.3289011e-05,gene_expression
rppa_mTOR_pS2448_Caution,0.00024092662,2.9260696e-05,rppa
fp_675,0.0002400478,-3.459085e-05,fingerprint
fp_940,0.00023987626,0.00016362827,fingerprint
PATHWAY_NAME_Unclassified,0.00023647555,-6.775589e-05,pathway
PUTATIVE_TARGET_P53 Mut specific,0.00023630173,0.00023630173,target
fp_301,0.00023269729,1.7499782e-05,fingerprint
cn_CYP24A1 (1591),0.00023078566,-9.91195e-06,copy_number
PUTATIVE_TARGET_not defined,0.00022921545,0.00022921545,target
fp_781,0.00022280218,6.5261695e-05,fingerprint
target_token_FAAH,0.00022233397,-6.27217e-05,target_multihot
PUTATIVE_TARGET_HIF-PH,0.00022096997,0.00022096997,target
pathway_token_OTHER,0.00021991508,5.6268433e-05,pathway_multihot
S100A10 (6281),0.00021729356,-4.8995303e-06,gene_expression
fp_889,0.00021708815,-2.0715113e-05,fingerprint
pathway_token_RTK_SIGNALING,0.00021615921,-9.3085495e-05,pathway_multihot
cn_SLPI (6590),0.00021529157,6.0894865e-05,copy_number
"PUTATIVE_TARGET_JNK2, JNK3",0.00021157542,0.00021157542,target
desc_hetero_atoms,0.00020981747,3.131927e-08,rdkit_descriptor
fp_314,0.0002094168,4.5472236e-05,fingerprint
ABCC3 (8714),0.00020544289,-3.0235113e-05,gene_expression
fp_283,0.00020521232,-7.8176454e-05,fingerprint
HTATIP2 (10553),0.00020477218,2.2667406e-05,gene_expression
fp_656,0.00020362652,7.466727e-05,fingerprint
target_token_NAMPT,0.00020276583,0.00020276583,target_multihot
"PUTATIVE_TARGET_mTOR, LCK",0.0002017828,-0.0002017828,target
fp_143,0.00019852746,3.105508e-05,fingerprint
fp_244,0.00019765421,-2.0051322e-05,fingerprint
fp_695,0.00019424228,-4.8924926e-06,fingerprint
PATHWAY_NAME_DNA replication,0.00019391638,4.9752896e-05,pathway
fp_835,0.00019033835,-2.7273525e-05,fingerprint
cn_PMEPA1 (56937),0.00019004091,1.1578135e-05,copy_number
PATHWAY_NAME_Chromatin histone acetylation,0.00018957935,1.476063e-06,pathway
fp_992,0.00018945058,-5.5876273e-05,fingerprint
fp_51,0.00018679589,6.1968756e-05,fingerprint
fp_793,0.00018642846,-2.3771054e-05,fingerprint
target_token_EGFR,0.00018561188,2.3552238e-06,target_multihot
BAMBI (25805),0.0001841646,-9.760179e-06,gene_expression
fp_157,0.0001836751,-8.415405e-05,fingerprint
fp_293,0.00018337533,-4.0296094e-05,fingerprint
fp_1017,0.00018196426,-0.0001444285,fingerprint
CORO1A (11151),0.00017961561,-5.4547713e-06,gene_expression
cn_KLK8 (11202),0.00017823244,-2.1534703e-05,copy_number
PUTATIVE_TARGET_CDK,0.0001771251,0.0001771251,target
target_token_NTRK2,0.00017244261,0.00017244261,target_multihot
fp_145,0.0001701057,0.00014003737,fingerprint
"PUTATIVE_TARGET_EGFR, HER2",0.00017004312,-0.00016874379,target
fp_745,0.00016961935,0.00010692585,fingerprint
pathway_token_MITOSIS,0.00016552609,0.00013735311,pathway_multihot
fp_786,0.00016522767,-0.00014158506,fingerprint
fp_102,0.00016478721,2.6243326e-06,fingerprint
PUTATIVE_TARGET_MTOR,0.00016456659,-8.006491e-05,target
CMBL (134147),0.00016400788,-1.3773113e-05,gene_expression
ITGAL (3683),0.00016378053,-1.235099e-05,gene_expression
fp_812,0.00016348586,5.2782096e-05,fingerprint
fp_428,0.00016004086,-7.39773e-05,fingerprint
fp_217,0.00015995314,6.328274e-05,fingerprint
fp_576,0.00015942735,-1.022907e-05,fingerprint
ITGA5 (3678),0.00015793127,-1.9879706e-06,gene_expression
fp_290,0.00015703279,0.00015703279,fingerprint
fp_845,0.00015693733,0.00011558595,fingerprint
target_token_MAP2K2,0.00015583196,-2.7700422e-05,target_multihot
CXCL2 (2920),0.00015565571,4.5121687e-05,gene_expression
GPRC5C (55890),0.00015232185,1.3179698e-05,gene_expression
target_token_PRODUCT_OF_DIVERSITY_ORIENTED_SYNTHESIS,0.00015077373,1.7887274e-05,target_multihot
PUTATIVE_TARGET_CDK4,0.0001505044,-9.473304e-05,target
SERPINF1 (5176),0.00014977565,-6.4090714e-06,gene_expression
PUTATIVE_TARGET_selectively kills engineered cells expressing mutant HRAS,0.00014860023,0.00014860023,target
MFAP2 (4237),0.00014779068,-3.0227584e-06,gene_expression
fp_615,0.00014703113,-2.1522046e-05,fingerprint
PUTATIVE_TARGET_inhibitor of microtubule assembly,0.00014702558,0.00014702558,target
fp_125,0.00014692405,7.350619e-05,fingerprint
"PUTATIVE_TARGET_PPARgamma, PPARdelta",0.00014679228,0.00014679228,target
PUTATIVE_TARGET_RAF ,0.0001466305,-0.0001466305,target
PATHWAY_NAME_WNT signaling,0.00014565098,-6.839387e-05,pathway
fp_712,0.00014249432,0.00014249432,fingerprint
EPS8 (2059),0.00014074559,-3.167599e-06,gene_expression
fp_1016,0.00014018369,8.645614e-05,fingerprint
fp_90,0.00013980585,-5.358772e-05,fingerprint
"PUTATIVE_TARGET_PARP1, PARP2, PARP5a",0.0001381231,0.0001381231,target
ASPH (444),0.00013752314,4.690854e-05,gene_expression
fp_532,0.00013709023,7.503644e-07,fingerprint
"PUTATIVE_TARGET_BCL2, BCL-XL, BCL-W, MCL1",0.00013627978,0.00013627978,target
MISP (126353),0.00013597253,4.684614e-05,gene_expression
EVA1A (84141),0.00013501607,-1.1680948e-05,gene_expression
PUTATIVE_TARGET_DOT1L,0.00013291994,-0.00013291994,target
fp_638,0.00013217094,-0.00010942713,fingerprint
cn_CTSZ (1522),0.00013127642,-1.2269226e-06,copy_number
FGF2 (2247),0.00013015626,2.5878865e-06,gene_expression
target_token_CHEK1,0.0001294377,4.282087e-05,target_multihot
fp_946,0.00012516775,4.60235e-05,fingerprint
fp_230,0.00012487621,-5.7663256e-05,fingerprint
fp_358,0.0001246668,0.0001246668,fingerprint
PUTATIVE_TARGET_TOP2,0.00012276832,0.00012276832,target
desc_aromatic_rings,0.00012276591,5.2852953e-05,rdkit_descriptor
fp_319,0.00012232122,4.6954807e-05,fingerprint
fp_378,0.00012219745,2.7437634e-05,fingerprint
fp_897,0.00012205918,-9.860999e-05,fingerprint
fp_451,0.00012146104,-9.835369e-06,fingerprint
fp_830,0.00012095665,7.812588e-06,fingerprint
fp_322,0.00012075058,-6.4533764e-05,fingerprint
fp_327,0.000120404715,-5.3842205e-06,fingerprint
cn_F2R (2149),0.000120298915,1.3757188e-05,copy_number
PUTATIVE_TARGET_BMP,0.00011922547,0.00011922547,target
LGALS3 (3958),0.000118823205,1.5970908e-06,gene_expression
fp_96,0.000117488875,-8.588378e-05,fingerprint
target_token_PI3K,0.00011668204,0.00011668204,target_multihot
PRAME (23532),0.000116491836,1.0731136e-05,gene_expression
fp_770,0.000116466086,7.305542e-05,fingerprint
TMSB15A (11013),0.00011616877,-4.5522415e-06,gene_expression
fp_200,0.000116008836,6.643339e-05,fingerprint
PUTATIVE_TARGET_N-myristoyltransferase 1/2,0.000114233655,0.000114233655,target
PUTATIVE_TARGET_inducer of DNA damage,0.00011354272,-5.1015708e-05,target
ITGA3 (3675),0.00011306224,1.6304998e-06,gene_expression
fp_4,0.000112882786,-6.449416e-05,fingerprint
CLDN3 (1365),0.000112811285,3.0994644e-05,gene_expression
fp_680,0.00011133618,-9.02864e-05,fingerprint
target_token_XPO1,0.0001112321,0.0001112321,target_multihot
fp_650,0.00011101422,8.780447e-05,fingerprint
fp_1023,0.00011043361,9.532196e-05,fingerprint
PATHWAY_NAME_ERK MAPK signaling,0.00010960543,1.0079278e-05,pathway
fp_595,0.000108093234,-3.5002602e-05,fingerprint
fp_441,0.00010677607,9.7993885e-05,fingerprint
fp_2,0.000106404696,-6.799316e-05,fingerprint
target_token_ABL,0.00010595715,-0.00010448344,target_multihot
FOSL1 (8061),0.000105292514,3.025584e-05,gene_expression
GPX8 (493869),0.00010518253,1.15435805e-05,gene_expression
target_token_RRM1,0.00010455967,0.00010455967,target_multihot
fp_478,0.000103091814,9.9737146e-05,fingerprint
TIMP2 (7077),0.00010250274,1.4724512e-05,gene_expression
fp_833,0.00010207811,-6.5964625e-05,fingerprint
DTX1 (1840),0.00010184479,5.4170294e-05,gene_expression
fp_392,0.00010148476,3.9790306e-05,fingerprint
target_token_ANALOG_OF_THE_NATURAL_PRODUCT_PIPERLONGUMINE,0.0001014408,0.0001014408,target_multihot
TRIP6 (7205),0.00010136792,7.653558e-06,gene_expression
PUTATIVE_TARGET_TAK1,0.00010130762,0.00010130762,target
fp_956,0.00010092471,-2.8113554e-06,fingerprint
IGFBP4 (3487),0.000100595855,-2.2732636e-06,gene_expression
fp_114,9.970844e-05,-7.532598e-05,fingerprint
fp_379,9.892604e-05,7.3140995e-06,fingerprint
fp_626,9.789806e-05,6.579891e-05,fingerprint
IFI44 (10561),9.7844364e-05,4.9902364e-06,gene_expression
pathway_token_WNT_SIGNALING,9.7681e-05,-2.1811544e-05,pathway_multihot
fp_684,9.6879776e-05,2.5400635e-05,fingerprint
fp_147,9.6857555e-05,1.0428573e-05,fingerprint
fp_3,9.654133e-05,-5.899056e-05,fingerprint
fp_499,9.6430624e-05,3.4456058e-05,fingerprint
"PUTATIVE_TARGET_BTK, BMX",9.4211784e-05,9.4211784e-05,target
fp_106,9.315164e-05,3.368251e-05,fingerprint
cn_IGFBP7 (3490),9.307563e-05,3.3589793e-06,copy_number
fp_33,9.274345e-05,-1.6079457e-05,fingerprint
fp_792,9.266526e-05,-6.52711e-05,fingerprint
pathway_token_CELL_CYCLE,9.199138e-05,-7.2880416e-06,pathway_multihot
fp_21,9.1517395e-05,-3.1704032e-05,fingerprint
CFH (3075),9.109582e-05,-1.3630632e-06,gene_expression
ADAP1 (11033),9.04108e-05,-2.1419878e-06,gene_expression
SH2D4A (63898),9.0031084e-05,1.8504197e-05,gene_expression
cn_MICAL2 (9645),8.978139e-05,8.396426e-06,copy_number
fp_343,8.964943e-05,-2.6886386e-05,fingerprint
fp_216,8.8924025e-05,3.22603e-05,fingerprint
fp_739,8.789986e-05,-6.4325344e-05,fingerprint
HCLS1 (3059),8.7876004e-05,7.925482e-06,gene_expression
fp_932,8.65528e-05,-6.1353836e-05,fingerprint
PUTATIVE_TARGET_PI3K (class 1),8.6277105e-05,-6.3121515e-05,target
fp_245,8.42388e-05,2.0318278e-06,fingerprint
PUTATIVE_TARGET_PSMB5,8.3705934e-05,8.3705934e-05,target
fp_641,8.237051e-05,2.0261214e-05,fingerprint
fp_564,8.2075676e-05,4.4442295e-05,fingerprint
"PUTATIVE_TARGET_BCL2, BCL-XL, MCL1",8.203317e-05,-8.203317e-05,target
fp_820,8.167138e-05,-1.2707718e-05,fingerprint
BEX4 (56271),8.133215e-05,2.8877434e-06,gene_expression
PUTATIVE_TARGET_HDAC1;HDAC2;HDAC3;HDAC6;HDAC8,8.1329075e-05,-2.833577e-05,target
LDHB (3945),8.0787075e-05,-2.652799e-06,gene_expression
"PUTATIVE_TARGET_EGFR, FGFR1, PDGFRbeta, VEGFR-1, KDR",8.049001e-05,-8.049001e-05,target
fp_1,8.028605e-05,3.6898742e-05,fingerprint
"PUTATIVE_TARGET_HDAC inhibitor Class I, IIa, IIb, IV",8.027108e-05,8.027108e-05,target
fp_724,8.0071375e-05,-2.7392482e-05,fingerprint
fp_300,7.905195e-05,-3.3104996e-05,fingerprint
fp_433,7.8928606e-05,-1.4998811e-05,fingerprint
mut_CREBBP,7.8697485e-05,-9.550038e-06,mutation
PUTATIVE_TARGET_KIF11,7.845933e-05,4.835274e-06,target
fp_989,7.835707e-05,3.7243512e-06,fingerprint
"PUTATIVE_TARGET_PARP1, PARP2",7.794674e-05,-7.7924924e-05,target
cn_STMN3 (50861),7.790515e-05,1.7038151e-06,copy_number
PUTATIVE_TARGET_inhibitor of protein translation by preventing protein elongation,7.599281e-05,7.599281e-05,target
fp_232,7.5656484e-05,5.2546064e-05,fingerprint
PUTATIVE_TARGET_CHEK1;CHEK2,7.560946e-05,7.560946e-05,target
TRIM22 (10346),7.5332086e-05,1.7427124e-05,gene_expression
fp_59,7.363616e-05,4.5577945e-05,fingerprint
target_token_EP300,7.311245e-05,-7.311245e-05,target_multihot
fp_289,7.2536786e-05,-5.45904e-05,fingerprint
PUTATIVE_TARGET_Microtubule stabiliser,7.238192e-05,7.238192e-05,target
pathway_token_CHROMATIN_HISTONE_METHYLATION,7.2043025e-05,-9.80336e-06,pathway_multihot
PATHWAY_NAME_Chromatin histone methylation,7.2027615e-05,-8.053717e-06,pathway
IFI44L (10964),7.1446026e-05,1.3941902e-05,gene_expression
rppa_PDK1_pS241,7.1388255e-05,-1.3940565e-05,rppa
PUTATIVE_TARGET_XPO1,7.118355e-05,7.118355e-05,target
fp_939,7.111321e-05,-4.340281e-05,fingerprint
fp_350,7.085883e-05,-6.524838e-05,fingerprint
PUTATIVE_TARGET_DNA crosslinker,7.036625e-05,7.036625e-05,target
CCND1 (595),7.022082e-05,3.4337136e-05,gene_expression
cn_TRIB2 (28951),6.9258145e-05,-9.55337e-06,copy_number
HSPA1A (3303),6.923799e-05,-3.973437e-06,gene_expression
MSC (9242),6.918315e-05,-2.4489802e-06,gene_expression
HLA-F (3134),6.761556e-05,2.5050285e-06,gene_expression
cn_CLIC3 (9022),6.739607e-05,2.1008882e-06,copy_number
fp_674,6.7019035e-05,5.7554178e-05,fingerprint
PCSK1N (27344),6.6923676e-05,-2.408179e-06,gene_expression
ITM2A (9452),6.679971e-05,7.063842e-06,gene_expression
fp_87,6.6235865e-05,-3.703851e-05,fingerprint
fp_477,6.619502e-05,1.7972696e-05,fingerprint
PATHWAY_NAME_Metabolism,6.5628345e-05,3.154392e-05,pathway
fp_26,6.5583976e-05,-4.9011345e-05,fingerprint
fp_285,6.556828e-05,-1.4316894e-05,fingerprint
fusion_ARHGAP11B--OTUD7A,6.516071e-05,-6.8132363e-06,fusion
RNF128 (79589),6.499652e-05,-1.6844855e-05,gene_expression
rppa_PCNA_Caution,6.490957e-05,1.881346e-05,rppa
PUTATIVE_TARGET_GSK3B,6.4729975e-05,-4.6777008e-05,target
PUTATIVE_TARGET_HSP90AA1;HSP90B1,6.347086e-05,6.347086e-05,target
IRF6 (3664),6.325112e-05,1.5768059e-05,gene_expression
rppa_4E-BP1,6.323692e-05,4.8314787e-06,rppa
fp_128,6.322692e-05,-3.846932e-05,fingerprint
fp_64,6.31207e-05,1.7834182e-05,fingerprint
fp_874,6.270003e-05,-5.2079235e-05,fingerprint
target_token_MEK1,6.204399e-05,-1.5853957e-05,target_multihot
fp_440,6.165594e-05,-6.4735505e-06,fingerprint
fp_231,6.147988e-05,-2.6256472e-05,fingerprint
fp_601,6.112415e-05,-5.814132e-06,fingerprint
fp_333,6.108815e-05,9.31216e-06,fingerprint
rppa_A-Raf_pS299_Caution,6.103394e-05,-1.5814211e-06,rppa
fp_309,6.094513e-05,-4.6980953e-05,fingerprint
"PUTATIVE_TARGET_EGFR, ERBB2, ERBB4",6.0874354e-05,-3.7106834e-05,target
mut_BRAF,6.0767965e-05,-9.461273e-06,mutation
MMP14 (4323),6.0555183e-05,-1.1639869e-05,gene_expression
fp_1019,5.9855378e-05,3.6948928e-05,fingerprint
MICAL2 (9645),5.973773e-05,-3.0807503e-05,gene_expression
CRIM1 (51232),5.886686e-05,4.6531636e-06,gene_expression
PUTATIVE_TARGET_Biguanide agent,5.8693102e-05,5.8693102e-05,target
MAGEA1 (4100),5.8611266e-05,4.504831e-06,gene_expression
fp_94,5.8553447e-05,-8.729922e-06,fingerprint
target_token_HDAC6,5.8213685e-05,-1.3142516e-05,target_multihot
fp_604,5.8010417e-05,-2.8073655e-06,fingerprint
PLEK2 (26499),5.783708e-05,-3.6911886e-06,gene_expression
SEMA3A (10371),5.7831843e-05,1.3494647e-05,gene_expression
"PUTATIVE_TARGET_PARP1, PARP2, PARP6",5.740397e-05,5.740397e-05,target
desc_heavy_atoms,5.7332756e-05,-2.1355238e-05,rdkit_descriptor
PUTATIVE_TARGET_beta-tubulin ,5.7277983e-05,5.7277983e-05,target
"PUTATIVE_TARGET_HDAC1, HDAC6, HDAC8",5.6936464e-05,-5.6936464e-05,target
fp_222,5.6883357e-05,9.632436e-06,fingerprint
fp_98,5.6787743e-05,-4.117172e-05,fingerprint
fp_974,5.6725923e-05,1.5762793e-05,fingerprint
GSTM3 (2947),5.6552646e-05,1.0951851e-05,gene_expression
pathway_token_CYTOSKELETON,5.653422e-05,2.211143e-05,pathway_multihot
KLK5 (25818),5.5987468e-05,3.9679186e-08,gene_expression
fp_486,5.542783e-05,3.4821485e-05,fingerprint
CD276 (80381),5.5155066e-05,2.1762471e-05,gene_expression
AXL (558),5.506189e-05,1.9278215e-05,gene_expression
target_token_CDK9,5.464625e-05,2.7174117e-05,target_multihot
fp_367,5.446294e-05,5.1712588e-05,fingerprint
ARHGAP29 (9411),5.4293803e-05,-1.575506e-06,gene_expression
fp_324,5.4034193e-05,-5.3195145e-05,fingerprint
FKBP10 (60681),5.401996e-05,9.7429875e-06,gene_expression
fp_618,5.3958225e-05,-1.1986582e-05,fingerprint
rppa_ASNS,5.328772e-05,-8.1268513e-07,rppa
target_token_MDM2,5.300644e-05,3.827792e-06,target_multihot
fp_909,5.298387e-05,1.0691062e-05,fingerprint
fp_36,5.2940868e-05,-2.93541e-06,fingerprint
fp_317,5.2412932e-05,-1.4326729e-05,fingerprint
fp_609,5.212941e-05,-4.844194e-05,fingerprint
CDH11 (1009),5.205147e-05,-4.2481562e-07,gene_expression
pathway_token_DEGRADATION,5.193439e-05,-5.175201e-05,pathway_multihot
fp_764,5.167574e-05,9.884206e-06,fingerprint
target_expr_interaction_EPHA2__EPHA2 (1969),5.1635172e-05,5.1635172e-05,target_expression_interaction
fp_904,5.1577877e-05,1.1642087e-05,fingerprint
fp_117,5.1183582e-05,-7.814081e-06,fingerprint
COL6A3 (1293),5.09454e-05,3.3223814e-06,gene_expression
fp_612,5.0855277e-05,3.4819885e-05,fingerprint
fp_519,5.009525e-05,-5.061476e-06,fingerprint
fp_605,4.996159e-05,-2.6150938e-05,fingerprint
KDELR3 (11015),4.9934242e-05,-7.0668325e-06,gene_expression
TNFRSF14 (8764),4.9635662e-05,5.948476e-07,gene_expression
target_token_SELECTIVELY_KILLS_ENGINEERED_CELLS_EXPRESSING_MUTANT_HRAS,4.942538e-05,4.942538e-05,target_multihot
fp_329,4.910143e-05,-1.4349575e-05,fingerprint
TNC (3371),4.833132e-05,1.6544718e-05,gene_expression
YAP1 (10413),4.811222e-05,1.2234352e-05,gene_expression
CXCL8 (3576),4.7786973e-05,8.665675e-06,gene_expression
fp_108,4.7712307e-05,3.1592448e-05,fingerprint
KRTAP2-3 (730755),4.7537567e-05,1.9041195e-06,gene_expression
FXYD6 (53826),4.7342026e-05,-4.5237402e-06,gene_expression
fp_816,4.727958e-05,1.586481e-05,fingerprint
rppa_Stathmin,4.6812253e-05,-2.5585389e-06,rppa
LY96 (23643),4.6666068e-05,3.076895e-07,gene_expression
fp_266,4.659356e-05,3.6993275e-05,fingerprint
fp_948,4.6530473e-05,2.660719e-05,fingerprint
fp_613,4.613251e-05,2.6658177e-05,fingerprint
ITGA6 (3655),4.6104193e-05,-2.3009986e-06,gene_expression
SLC16A3 (9123),4.604257e-05,-9.071981e-06,gene_expression
GTSF1 (121355),4.5870234e-05,-1.3274538e-06,gene_expression
target_expr_interaction_PLK2__PLK2 (10769),4.5822115e-05,1.06153075e-05,target_expression_interaction
fp_407,4.5593133e-05,4.6940618e-06,fingerprint
LTBR (4055),4.556884e-05,3.806889e-06,gene_expression
pathway_token_ERK_MAPK_SIGNALING,4.535824e-05,-3.1210723e-06,pathway_multihot
KCNK1 (3775),4.5290995e-05,-1.4216664e-05,gene_expression
fp_459,4.5095905e-05,-2.0337211e-05,fingerprint
cn_FGFBP1 (9982),4.495644e-05,2.5445302e-06,copy_number
cn_KRT8 (3856),4.481588e-05,1.075468e-05,copy_number
fp_747,4.4716635e-05,8.896767e-06,fingerprint
fp_251,4.4425098e-05,1.8794033e-06,fingerprint
IGFBP3 (3486),4.4183944e-05,1.503745e-05,gene_expression
fp_124,4.4064916e-05,-2.3546403e-05,fingerprint
PUTATIVE_TARGET_SMO,4.3827124e-05,-4.3827124e-05,target
fp_342,4.3796823e-05,7.902406e-06,fingerprint
fp_10,4.3636788e-05,-2.0990094e-05,fingerprint
PUTATIVE_TARGET_MCT1,4.3360953e-05,-4.3360953e-05,target
MUC1 (4582),4.274027e-05,7.664853e-06,gene_expression
fp_592,4.2592997e-05,-3.3248733e-05,fingerprint
target_token_HDAC2,4.258213e-05,6.627986e-06,target_multihot
FGFBP1 (9982),4.2551514e-05,-2.0309606e-06,gene_expression
PATHWAY_NAME_PI3K/MTOR signaling,4.202782e-05,-3.6980968e-05,pathway
TMEM139 (135932),4.1908163e-05,-2.9077648e-06,gene_expression
fp_520,4.1706247e-05,2.3771332e-05,fingerprint
fp_397,4.1470295e-05,-4.1470295e-05,fingerprint
SLC40A1 (30061),4.1284005e-05,6.838073e-07,gene_expression
PMEL (6490),4.1171344e-05,-1.6128162e-06,gene_expression
TESC (54997),4.0650597e-05,2.3666958e-06,gene_expression
target_token_AURKA,4.0445237e-05,4.0445237e-05,target_multihot
PCDH1 (5097),4.0308583e-05,-1.0112198e-06,gene_expression
"PUTATIVE_TARGET_VEGFR, PDGFR, FGFR",4.0140596e-05,4.0140596e-05,target
EEF1A2 (1917),4.0097053e-05,1.0537254e-06,gene_expression
CDCP1 (64866),4.003828e-05,-9.628e-06,gene_expression
rppa_Smad3,3.9735816e-05,-3.2741546e-06,rppa
CTSV (1515),3.9646486e-05,-9.055822e-07,gene_expression
DUSP23 (54935),3.94237e-05,-1.5340897e-06,gene_expression
PLOD2 (5352),3.915979e-05,7.4538093e-06,gene_expression
fp_630,3.9062805e-05,3.9062805e-05,fingerprint
fp_984,3.9043945e-05,3.5360208e-05,fingerprint
CPT1C (126129),3.9009938e-05,2.6209457e-06,gene_expression
fp_967,3.8997947e-05,5.899525e-06,fingerprint
TRNP1 (388610),3.876644e-05,5.3211224e-06,gene_expression
LEF1 (51176),3.8573613e-05,6.6213274e-06,gene_expression
PHLDA1 (22822),3.848283e-05,1.9232522e-05,gene_expression
cn_BEX2 (84707),3.8311628e-05,-4.058258e-06,copy_number
RHOH (399),3.7943093e-05,-1.5640162e-05,gene_expression
fp_659,3.7841135e-05,2.988653e-05,fingerprint
rppa_Annexin 1,3.7773978e-05,-7.419947e-06,rppa
fp_381,3.7625756e-05,-2.693387e-05,fingerprint
fp_310,3.74135e-05,-2.1185055e-07,fingerprint
rppa_Cyclin_E2_Caution,3.738876e-05,8.993669e-06,rppa
rppa_p38_pT180_Y182,3.735078e-05,-7.9840975e-06,rppa
fp_795,3.7019006e-05,-3.6443285e-05,fingerprint
EVL (51466),3.683412e-05,9.912014e-06,gene_expression
PATHWAY_NAME_Apoptosis regulation,3.6761412e-05,-4.545151e-06,pathway
CEACAM5 (1048),3.6750283e-05,1.2979754e-06,gene_expression
fp_790,3.6731348e-05,3.3211527e-05,fingerprint
fp_910,3.6712914e-05,-3.6287962e-05,fingerprint
CYP24A1 (1591),3.658016e-05,2.5645493e-06,gene_expression
fp_489,3.6574613e-05,-1.866745e-05,fingerprint
fp_924,3.650109e-05,1.4704747e-05,fingerprint
"PUTATIVE_TARGET_MET, KDR, TIE2, VEGFR3/FLT4, RON, PDGFR, FGFR1, EGFR",3.6482445e-05,3.6482445e-05,target
ERBB3 (2065),3.647714e-05,3.1362758e-06,gene_expression
TGFA (7039),3.6362828e-05,8.30976e-06,gene_expression
fp_960,3.6297388e-05,1.5693107e-05,fingerprint
PUTATIVE_TARGET_Proteasome,3.628859e-05,3.628859e-05,target
fp_339,3.623802e-05,5.876776e-06,fingerprint
cn_DSP (1832),3.594072e-05,-1.7513055e-06,copy_number
S100A11 (6282),3.5775684e-05,3.4920881e-06,gene_expression
"PUTATIVE_TARGET_FLT3, JAK2, NTRK1, NTRK2, NTRK3",3.5252047e-05,3.5252047e-05,target
TFF3 (7033),3.5206253e-05,-1.169961e-06,gene_expression
TP53I11 (9537),3.4940873e-05,4.8543357e-06,gene_expression
fp_699,3.4560308e-05,3.9262936e-06,fingerprint
RNASE1 (6035),3.4548204e-05,-1.2155053e-06,gene_expression
KRT17 (3872),3.4396155e-05,9.221503e-06,gene_expression
"PUTATIVE_TARGET_mTOR, PI3K",3.4063076e-05,3.4063076e-05,target
CTSZ (1522),3.392126e-05,-2.9088417e-06,gene_expression
cn_PPIC (5480),3.3807017e-05,8.5204265e-06,copy_number
cn_CMBL (134147),3.3777425e-05,2.5465383e-06,copy_number
EGFR (1956),3.3717355e-05,6.00312e-06,gene_expression
fp_922,3.3676242e-05,2.1128286e-05,fingerprint
ANXA2 (302),3.3665427e-05,-6.2124177e-06,gene_expression
LAMC2 (3918),3.361445e-05,1.0440963e-05,gene_expression
fp_906,3.3465953e-05,2.8789562e-05,fingerprint
fp_31,3.2977696e-05,1.3187989e-05,fingerprint
fp_736,3.2862274e-05,1.4049426e-06,fingerprint
target_token_KIT,3.281985e-05,2.573829e-05,target_multihot
DUSP6 (1848),3.278423e-05,-2.7969386e-06,gene_expression
cn_CST6 (1474),3.2484993e-05,-1.1771439e-05,copy_number
IL7R (3575),3.2465636e-05,-3.498597e-06,gene_expression
fp_930,3.245306e-05,1.4737737e-05,fingerprint
TSPAN8 (7103),3.2365097e-05,-3.8368344e-06,gene_expression
fp_452,3.2358068e-05,-2.5466281e-05,fingerprint
cn_PKP2 (5318),3.190878e-05,8.974645e-06,copy_number
ITGB6 (3694),3.187916e-05,-2.1830983e-06,gene_expression
fp_931,3.177541e-05,-3.150624e-05,fingerprint
rppa_MEK1_pS217_S221,3.167724e-05,-8.6667444e-07,rppa
fp_177,3.1600433e-05,5.8207893e-06,fingerprint
rppa_GSK3-alpha-beta_pS21_S9,3.159479e-05,-3.128169e-06,rppa
fp_787,3.1524483e-05,7.7112345e-06,fingerprint
fp_995,3.1308642e-05,3.0789677e-05,fingerprint
fp_437,3.1302767e-05,-2.2237049e-05,fingerprint
CST3 (1471),3.1276875e-05,-7.844113e-06,gene_expression
AKR1C3 (8644),3.1244777e-05,1.6083563e-06,gene_expression
APOC1 (341),3.1072585e-05,1.564355e-06,gene_expression
FAM20C (56975),3.10203e-05,-1.4661696e-05,gene_expression
fp_832,3.0909352e-05,-1.120682e-05,fingerprint
cn_PTPN7 (5778),3.073798e-05,7.1018635e-06,copy_number
rppa_MDMX_MDM4(BetIHC-00108)_Caution,3.0721218e-05,-2.7804156e-06,rppa
PUTATIVE_TARGET_analog of the natural product piperlongumine,3.0556996e-05,3.0556996e-05,target
cn_MAP1B (4131),3.055105e-05,-1.5180478e-06,copy_number
S100A16 (140576),3.052684e-05,6.7432698e-06,gene_expression
cn_PKP3 (11187),3.0516274e-05,6.578431e-06,copy_number
fp_880,3.0500109e-05,9.961334e-06,fingerprint
LMCD1 (29995),3.0457697e-05,9.678927e-07,gene_expression
CAV2 (858),3.0047648e-05,-3.3611473e-06,gene_expression
fp_484,2.998579e-05,1.484155e-05,fingerprint
CCN1 (3491),2.9953642e-05,6.3411053e-06,gene_expression
fp_593,2.9814657e-05,-2.4719935e-05,fingerprint
IRF8 (3394),2.9669489e-05,-6.8969814e-07,gene_expression
RAB17 (64284),2.9377474e-05,-2.905871e-06,gene_expression
RARRES2 (5919),2.927327e-05,-3.7749887e-06,gene_expression
target_token_USP5,2.9152154e-05,2.9152154e-05,target_multihot
PUTATIVE_TARGET_LCK,2.910324e-05,2.910324e-05,target
fp_139,2.9062305e-05,7.5960434e-06,fingerprint
rppa_Cyclin_E1,2.9036679e-05,4.3688506e-06,rppa
MST1R (4486),2.885114e-05,2.9327693e-06,gene_expression
LAIR1 (3903),2.876447e-05,9.2598174e-07,gene_expression
NBL1 (4681),2.8699655e-05,-3.9953593e-06,gene_expression
NCKAP1L (3071),2.8550348e-05,4.8812035e-06,gene_expression
fp_950,2.8536204e-05,4.5544966e-06,fingerprint
CHI3L1 (1116),2.8227161e-05,2.310337e-06,gene_expression
fp_427,2.7894894e-05,-1.9454481e-05,fingerprint
STING1 (340061),2.781594e-05,-2.9065031e-06,gene_expression
fp_875,2.7661985e-05,6.5031163e-06,fingerprint
IFI6 (2537),2.7620268e-05,5.292331e-06,gene_expression
CD24 (100133941),2.7210759e-05,-3.314331e-06,gene_expression
fp_11,2.6910873e-05,-1.280832e-06,fingerprint
rppa_PI3K-p110-alpha_Caution,2.6886337e-05,-2.3035075e-06,rppa
fp_16,2.685314e-05,4.281177e-06,fingerprint
fp_580,2.6670052e-05,2.178588e-05,fingerprint
PUTATIVE_TARGET_AURKA,2.6607842e-05,2.6607842e-05,target
fp_276,2.6532025e-05,2.6325624e-05,fingerprint
cn_ALPP (250),2.6528243e-05,-6.235483e-07,copy_number
fp_758,2.6438416e-05,2.6438416e-05,fingerprint
GAGE12F (100008586),2.6335822e-05,1.4666022e-06,gene_expression
CES1 (1066),2.6290863e-05,-8.218247e-06,gene_expression
TMEM45B (120224),2.6242844e-05,-4.8941083e-06,gene_expression
LSR (51599),2.5600244e-05,-1.9520696e-06,gene_expression
ALDH3A1 (218),2.5457413e-05,-1.91706e-06,gene_expression
PUTATIVE_TARGET_GSK3,2.5413034e-05,2.5413034e-05,target
MLLT11 (10962),2.5306776e-05,5.316773e-06,gene_expression
S100A8 (6279),2.5273333e-05,1.82787e-06,gene_expression
fp_294,2.5242061e-05,-1.0652795e-05,fingerprint
GPRC5A (9052),2.5197456e-05,-4.729827e-06,gene_expression
PUTATIVE_TARGET_EPHB4,2.48428e-05,2.48428e-05,target
ICA1 (3382),2.4823104e-05,-2.4333672e-06,gene_expression
GJB3 (2707),2.4810297e-05,1.7328056e-06,gene_expression
ITGB5 (3693),2.4715147e-05,1.3947483e-06,gene_expression
KRT19 (3880),2.4590157e-05,6.5312486e-07,gene_expression
pathway_token_HORMONE_RELATED,2.4368146e-05,-2.4368146e-05,pathway_multihot
LAYN (143903),2.4273582e-05,-8.357821e-06,gene_expression
KRT15 (3866),2.4265382e-05,-2.357194e-06,gene_expression
LXN (56925),2.42593e-05,6.1316405e-06,gene_expression
fp_227,2.4205146e-05,2.3734447e-05,fingerprint
PUTATIVE_TARGET_Peptidyl arginine deaminase (PAD),2.4202738e-05,-2.4202738e-05,target
MLPH (79083),2.4194871e-05,1.8458679e-06,gene_expression
rppa_alpha-Catenin,2.409513e-05,-2.5006325e-06,rppa
S100A6 (6277),2.405392e-05,4.5762745e-06,gene_expression
fp_927,2.4044672e-05,2.0574545e-05,fingerprint
fp_973,2.3987883e-05,1.2153314e-05,fingerprint
TIMP1 (7076),2.3897026e-05,-5.0921703e-06,gene_expression
IGF2BP2 (10644),2.3819228e-05,1.0205804e-05,gene_expression
PUTATIVE_TARGET_PAK1,2.3585633e-05,2.3585633e-05,target
PALLD (23022),2.3580653e-05,-1.7664851e-06,gene_expression
OncotreeLineage_Skin,2.342208e-05,-5.3346766e-06,tissue
fp_277,2.3327924e-05,-2.1708536e-06,fingerprint
cn_ITGA2 (3673),2.3322342e-05,6.805035e-06,copy_number
HKDC1 (80201),2.3277547e-05,-1.8535565e-06,gene_expression
CPA4 (51200),2.327456e-05,-3.012254e-06,gene_expression
fp_708,2.324085e-05,1.0511746e-07,fingerprint
EMP3 (2014),2.3172886e-05,6.9426333e-06,gene_expression
fp_395,2.316461e-05,-2.1460697e-05,fingerprint
PUTATIVE_TARGET_IGF1R;INSR,2.3039767e-05,2.3039767e-05,target
fp_403,2.2781167e-05,1.6304904e-05,fingerprint
fp_751,2.2747521e-05,1.4415991e-05,fingerprint
TSTD1 (100131187),2.269977e-05,1.5865562e-06,gene_expression
fp_375,2.2695225e-05,-1.6310818e-05,fingerprint
G0S2 (50486),2.2580183e-05,8.052241e-06,gene_expression
fp_337,2.2575165e-05,1.039388e-05,fingerprint
DSP (1832),2.2509155e-05,4.637347e-06,gene_expression
CPNE7 (27132),2.250154e-05,-1.1422793e-05,gene_expression
rppa_FASN,2.2462911e-05,4.7794774e-06,rppa
APOL1 (8542),2.2435857e-05,9.9619115e-08,gene_expression
SMIM22 (440335),2.23767e-05,1.936667e-06,gene_expression
fp_454,2.236753e-05,-1.3194437e-05,fingerprint
C1orf116 (79098),2.233456e-05,3.3722904e-06,gene_expression
COL18A1 (80781),2.227534e-05,2.9035466e-08,gene_expression
PUTATIVE_TARGET_screening hit,2.2196653e-05,-9.042045e-06,target
rppa_4E-BP1_pT70,2.216747e-05,-3.1835957e-06,rppa
IL32 (9235),2.209943e-05,4.783793e-06,gene_expression
rppa_Chk1_Caution,2.2022336e-05,5.506885e-06,rppa
FBXO17 (115290),2.198212e-05,8.9672255e-08,gene_expression
fp_673,2.1948377e-05,7.181414e-06,fingerprint
rppa_TTF1,2.1925125e-05,-2.7909482e-07,rppa
NUPR1 (26471),2.1911746e-05,-1.915592e-06,gene_expression
HDGFL3 (50810),2.1873011e-05,9.042891e-06,gene_expression
XAGE1B (653067),2.1719525e-05,3.1775517e-07,gene_expression
fp_53,2.159762e-05,-2.0621397e-05,fingerprint
fp_1004,2.1578451e-05,5.486088e-06,fingerprint
"PUTATIVE_TARGET_MTORC1, MTORC2",2.1571486e-05,-2.1055297e-05,target
BEX3 (27018),2.1567525e-05,1.9305157e-06,gene_expression
SV2A (9900),2.156676e-05,5.1972766e-06,gene_expression
rppa_MIG-6,2.1513915e-05,5.735908e-06,rppa
CP (1356),2.150312e-05,8.0791705e-07,gene_expression
PLAAT3 (11145),2.139566e-05,1.2863453e-05,gene_expression
target_token_FLT1,2.1389058e-05,-1.2559401e-05,target_multihot
fp_941,2.1356442e-05,1.889809e-05,fingerprint
ADM (133),2.135171e-05,-1.8070016e-06,gene_expression
CDH3 (1001),2.126248e-05,-4.1082717e-07,gene_expression
PCSK9 (255738),2.1099495e-05,-8.238903e-06,gene_expression
fp_692,2.1094624e-05,1.8401477e-05,fingerprint
fp_360,2.1062328e-05,1.991699e-05,fingerprint
AHNAK2 (113146),2.1032909e-05,-4.1827875e-06,gene_expression
target_token_MICROTUBULE_STABILISER,2.1003358e-05,2.1003358e-05,target_multihot
fp_363,2.0948833e-05,-1.3942432e-05,fingerprint
THBD (7056),2.0868943e-05,2.6265309e-06,gene_expression
cn_PLTP (5360),2.0832927e-05,5.3649877e-08,copy_number
fp_856,2.0687616e-05,1.9381962e-06,fingerprint
TM4SF1 (4071),2.0583964e-05,1.1063452e-05,gene_expression
fp_582,2.0551102e-05,-1.9439543e-05,fingerprint
SELENBP1 (8991),2.0445968e-05,-7.490054e-07,gene_expression
SPARC (6678),2.0375235e-05,1.1435905e-06,gene_expression
fp_627,2.0310641e-05,-2.010271e-05,fingerprint
cn_NR2F1 (7025),2.0244108e-05,-6.014844e-06,copy_number
KDM5D (8284),2.015847e-05,3.8650164e-06,gene_expression
SERPINB5 (5268),2.015691e-05,5.4153074e-06,gene_expression
"PUTATIVE_TARGET_CHEK1, CHEK2",2.0044768e-05,-2.0044768e-05,target
cn_EEF1A2 (1917),2.000608e-05,2.027082e-06,copy_number
GALNT14 (79623),2.0001353e-05,-6.082438e-07,gene_expression
"PUTATIVE_TARGET_NTRK1, NTRK2, NTRK3",1.9988667e-05,1.9988667e-05,target
target_token_ERBB2,1.9951707e-05,2.4329331e-06,target_multihot
fp_315,1.991443e-05,7.558264e-06,fingerprint
IL6 (3569),1.9864707e-05,2.2700476e-06,gene_expression
TPBG (7162),1.976199e-05,-1.3233906e-06,gene_expression
fp_8,1.9635834e-05,2.812915e-06,fingerprint
PUTATIVE_TARGET_SIRT,1.9618283e-05,1.9618283e-05,target
rppa_PRDX1,1.9532565e-05,2.8998683e-08,rppa
BEX1 (55859),1.9220748e-05,-5.370461e-06,gene_expression
fp_62,1.9209207e-05,1.0154294e-05,fingerprint
fp_598,1.9207317e-05,-1.05172885e-05,fingerprint
fp_296,1.9119918e-05,5.919756e-06,fingerprint
EMB (133418),1.8968369e-05,-1.388835e-06,gene_expression
MRC2 (9902),1.8953193e-05,-4.2805123e-06,gene_expression
BMERB1 (89927),1.890025e-05,-4.650495e-06,gene_expression
COL5A2 (1290),1.8879326e-05,4.6641226e-06,gene_expression
fp_401,1.88751e-05,-1.8346658e-05,fingerprint
fp_573,1.8718327e-05,-8.9773075e-06,fingerprint
MAL2 (114569),1.8484185e-05,7.9082465e-06,gene_expression
PUTATIVE_TARGET_EZH2,1.8459566e-05,8.595124e-06,target
GNG12 (55970),1.8456223e-05,7.423099e-07,gene_expression
INHBA (3624),1.8449024e-05,-2.8722181e-06,gene_expression
fp_485,1.8362825e-05,4.4886756e-06,fingerprint
fp_766,1.822037e-05,5.878663e-06,fingerprint
CAVIN1 (284119),1.8201907e-05,1.993718e-06,gene_expression
P3H2 (55214),1.8198147e-05,-6.2875836e-07,gene_expression
SULF1 (23213),1.8086219e-05,2.456492e-06,gene_expression
fp_579,1.7914994e-05,-1.550322e-05,fingerprint
PXDN (7837),1.7872955e-05,4.3174097e-07,gene_expression
fp_986,1.7766084e-05,-9.6880585e-06,fingerprint
fp_730,1.7755252e-05,2.7443437e-07,fingerprint
fp_212,1.7735949e-05,1.0463609e-05,fingerprint
fp_636,1.7698667e-05,1.7234097e-05,fingerprint
S100B (6285),1.7626719e-05,4.273748e-06,gene_expression
SLC7A8 (23428),1.7551965e-05,-3.180407e-09,gene_expression
ITGA2 (3673),1.7524857e-05,-1.7815856e-06,gene_expression
MAGEA12 (4111),1.7445835e-05,-8.078916e-06,gene_expression
target_token_FLT3,1.7416092e-05,4.4426383e-06,target_multihot
CAV1 (857),1.7328908e-05,5.1021543e-06,gene_expression
EPS8L2 (64787),1.7318627e-05,5.122129e-07,gene_expression
PUTATIVE_TARGET_CDC7,1.731792e-05,-1.731792e-05,target
fp_955,1.710663e-05,-1.07729e-05,fingerprint
target_token_GSK3B,1.706012e-05,-1.3239074e-07,target_multihot
MIA (8190),1.6975919e-05,1.2879458e-06,gene_expression
PLS3 (5358),1.6954002e-05,-7.5375265e-06,gene_expression
MYB (4602),1.6905524e-05,2.8282147e-06,gene_expression
CNRIP1 (25927),1.6901065e-05,8.674836e-06,gene_expression
TNFAIP2 (7127),1.6897806e-05,3.7058776e-06,gene_expression
fp_666,1.6796212e-05,1.0415386e-05,fingerprint
POPDC3 (64208),1.6791464e-05,8.073634e-06,gene_expression
fp_693,1.6780754e-05,-1.4936684e-06,fingerprint
target_token_SIRT1,1.6715334e-05,-1.6715334e-05,target_multihot
GDF15 (9518),1.6695234e-05,-6.4890864e-06,gene_expression
rppa_JNK2_Caution,1.6688842e-05,7.369131e-07,rppa
PUTATIVE_TARGET_inducer of ROS,1.662589e-05,-1.662589e-05,target
fp_361,1.6614844e-05,1.3844454e-05,fingerprint
fp_209,1.661069e-05,-9.276156e-06,fingerprint
SQOR (58472),1.6582486e-05,-1.8135704e-06,gene_expression
fp_23,1.653262e-05,1.4414991e-05,fingerprint
IL13RA2 (3598),1.6498121e-05,4.3016016e-06,gene_expression
target_token_RAF,1.6480208e-05,-1.6480208e-05,target_multihot
CADM1 (23705),1.6450495e-05,-4.95573e-07,gene_expression
DAB2 (1601),1.638765e-05,3.3838621e-06,gene_expression
"PUTATIVE_TARGET_GSK3A, GSK3B",1.6387003e-05,-1.6387003e-05,target
RGS4 (5999),1.6351769e-05,5.3967924e-06,gene_expression
rppa_Akt_pS473,1.6303984e-05,5.382628e-07,rppa
BEX2 (84707),1.6283104e-05,6.7911935e-07,gene_expression
NXN (64359),1.6273047e-05,-1.02641625e-05,gene_expression
FXYD3 (5349),1.6216918e-05,3.7048987e-06,gene_expression
CTAG2 (30848),1.6178023e-05,4.4491912e-06,gene_expression
rppa_FOXO3a_pS318_S321_Caution,1.6149743e-05,-9.895368e-06,rppa
PATHWAY_NAME_Other,1.612018e-05,5.397537e-06,pathway
MAP4K1 (11184),1.5942023e-05,7.223418e-08,gene_expression
PUTATIVE_TARGET_MAPK1;RASAL1,1.5883457e-05,1.5883457e-05,target
fp_420,1.5786709e-05,-1.32898e-05,fingerprint
DEFB1 (1672),1.5770525e-05,2.6901878e-06,gene_expression
ZSCAN18 (65982),1.576987e-05,-3.7178546e-07,gene_expression
fp_526,1.5737103e-05,2.455539e-06,fingerprint
C19orf33 (64073),1.5705467e-05,3.3869585e-06,gene_expression
fp_372,1.5681711e-05,1.5681711e-05,fingerprint
fp_788,1.5620735e-05,-1.5620735e-05,fingerprint
fp_302,1.5608255e-05,-1.2446905e-05,fingerprint
fp_953,1.5603513e-05,-2.2409376e-06,fingerprint
CA12 (771),1.5400576e-05,-1.8628612e-06,gene_expression
rppa_c-Myc_Caution,1.5383752e-05,3.9158745e-06,rppa
fp_15,1.5329888e-05,1.1323597e-05,fingerprint
fp_281,1.5294603e-05,-5.5803883e-07,fingerprint
"PUTATIVE_TARGET_HDAC,RAR",1.5047423e-05,-1.5047423e-05,target
EPAS1 (2034),1.4982367e-05,6.2649215e-06,gene_expression
fp_184,1.4961666e-05,-5.8561545e-06,fingerprint
fp_58,1.4891232e-05,7.454973e-06,fingerprint
fp_1003,1.4875508e-05,-1.4448143e-05,fingerprint
GAGE2A (729447),1.4872974e-05,-4.8664156e-06,gene_expression
target_token_BTK,1.4851092e-05,4.8239554e-06,target_multihot
PUTATIVE_TARGET_Endothelin-1 receptor (EDNRA),1.484216e-05,-1.484216e-05,target
VAV1 (7409),1.4832067e-05,2.1893302e-06,gene_expression
TNS4 (84951),1.4803035e-05,1.8758644e-06,gene_expression
cn_CSRP2 (1466),1.4774253e-05,-3.4438915e-07,copy_number
TSPAN1 (10103),1.4759624e-05,3.0254632e-06,gene_expression
fp_268,1.468286e-05,1.4117057e-05,fingerprint
cn_GSDME (1687),1.4624273e-05,-8.331487e-06,copy_number
rppa_XBP1_Caution,1.4572858e-05,5.2196316e-07,rppa
PUTATIVE_TARGET_L3MBTL3,1.4480928e-05,-1.4480928e-05,target
fp_325,1.4332515e-05,7.2941575e-06,fingerprint
target_token_LCK,1.4291212e-05,-6.0624634e-06,target_multihot
LPXN (9404),1.4250858e-05,-1.1515307e-06,gene_expression
CLMP (79827),1.4201441e-05,1.2864439e-06,gene_expression
mut_ROBO2,1.4200486e-05,4.637554e-06,mutation
FAM83A (84985),1.4129278e-05,2.5990666e-06,gene_expression
NNMT (4837),1.4127651e-05,3.9146557e-06,gene_expression
LY6D (8581),1.412658e-05,-7.4995282e-06,gene_expression
TM4SF18 (116441),1.4113987e-05,1.3734109e-06,gene_expression
CD53 (963),1.4084603e-05,2.2122795e-06,gene_expression
NRP1 (8829),1.3918761e-05,-2.3643913e-06,gene_expression
FGFR1 (2260),1.3860662e-05,3.500215e-06,gene_expression
CKMT1A (548596),1.3826591e-05,1.1489177e-06,gene_expression
cn_CTSH (1512),1.3813925e-05,-3.979166e-06,copy_number
PTGR1 (22949),1.38050655e-05,-3.498424e-06,gene_expression
fp_12,1.3765138e-05,2.0545376e-06,fingerprint
LGALS1 (3956),1.3758717e-05,-1.8154977e-07,gene_expression
SCG2 (7857),1.3736275e-05,3.417656e-06,gene_expression
PUTATIVE_TARGET_Topoisomerase I,1.3698506e-05,-1.3585063e-05,target
cn_MYO1E (4643),1.3692609e-05,1.5603124e-06,copy_number
PUTATIVE_TARGET_inhibitor of cellular respiration,1.3617549e-05,1.3617549e-05,target
CD68 (968),1.353543e-05,-4.523318e-06,gene_expression
PUTATIVE_TARGET_KDR;MET,1.3515822e-05,1.3515822e-05,target
NTS (4922),1.3506688e-05,3.8107316e-06,gene_expression
RCSD1 (92241),1.3487306e-05,-1.4704242e-06,gene_expression
CD70 (970),1.34478705e-05,-3.0815777e-06,gene_expression
rppa_AMPK_alpha_Caution,1.3414514e-05,1.9542367e-06,rppa
HEG1 (57493),1.3333749e-05,3.7178503e-07,gene_expression
PATHWAY_NAME_Genome integrity,1.3322934e-05,-9.842554e-06,pathway
SASH3 (54440),1.3275623e-05,2.6252386e-07,gene_expression
FOXA1 (3169),1.317265e-05,2.2201479e-07,gene_expression
LIF (3976),1.3160776e-05,9.1554e-07,gene_expression
fp_767,1.3085008e-05,-6.8922195e-06,fingerprint
VIM (7431),1.3081205e-05,2.2869704e-06,gene_expression
PUTATIVE_TARGET_NR1D1,1.30733e-05,-1.30733e-05,target
CXCL16 (58191),1.3054121e-05,4.3646924e-06,gene_expression
GPX3 (2878),1.3026223e-05,6.521787e-07,gene_expression
target_token_BRAF,1.2889214e-05,2.7096326e-06,target_multihot
CLU (1191),1.2824976e-05,1.90831e-07,gene_expression
fp_201,1.2801461e-05,-8.790251e-06,fingerprint
MYLK (4638),1.2672144e-05,3.1950726e-06,gene_expression
DNAJA4 (55466),1.2664076e-05,3.688183e-06,gene_expression
fp_985,1.2662401e-05,-1.09378325e-05,fingerprint
CFI (3426),1.2569775e-05,-3.723404e-06,gene_expression
RAB38 (23682),1.2541859e-05,-5.5933033e-06,gene_expression
SLC1A3 (6507),1.2512324e-05,2.6210655e-06,gene_expression
CYFIP2 (26999),1.2500511e-05,-4.3336144e-07,gene_expression
target_expr_interaction_MET__MET (4233),1.2440607e-05,3.6785711e-06,target_expression_interaction
cn_GCNT3 (9245),1.2415732e-05,1.6968575e-06,copy_number
fp_578,1.2355082e-05,3.3214637e-06,fingerprint
TSPYL5 (85453),1.2323504e-05,-2.586282e-06,gene_expression
rppa_HER2_pY1248_Caution,1.2319037e-05,2.179237e-06,rppa
GSDME (1687),1.2312383e-05,5.2676137e-07,gene_expression
cn_FGFR4 (2264),1.2275399e-05,6.671844e-07,copy_number
fp_258,1.2272702e-05,-6.8810564e-06,fingerprint
rppa_EGFR_pY1068_Caution,1.2267269e-05,3.7501434e-06,rppa
MT1E (4493),1.224844e-05,1.3612424e-06,gene_expression
cn_SFRP1 (6422),1.2102901e-05,3.790685e-07,copy_number
cn_CLDN3 (1365),1.2045299e-05,-8.1594203e-07,copy_number
cn_CAPN2 (824),1.204015e-05,-8.242016e-06,copy_number
fp_559,1.2019554e-05,-1.1677923e-05,fingerprint
fp_402,1.2001665e-05,-7.880133e-06,fingerprint
cn_NBL1 (4681),1.1919076e-05,2.9492226e-06,copy_number
fp_151,1.1907397e-05,8.780886e-06,fingerprint
fp_683,1.1832354e-05,1.1832354e-05,fingerprint
cn_RPS4Y1 (6192),1.1813956e-05,2.8562102e-08,copy_number
fp_891,1.1805362e-05,1.109066e-05,fingerprint
ECHDC2 (55268),1.1767528e-05,-2.914638e-06,gene_expression
fp_602,1.1707848e-05,-1.3994157e-06,fingerprint
ALDH2 (217),1.1690132e-05,-5.9136855e-06,gene_expression
ENAH (55740),1.1631518e-05,-6.317423e-07,gene_expression
fp_711,1.1530919e-05,1.1530919e-05,fingerprint
cn_TUBB2B (347733),1.1510254e-05,-2.8785676e-06,copy_number
cn_ZEB2 (9839),1.1493171e-05,-2.130031e-06,copy_number
COL4A1 (1282),1.1432209e-05,1.7043001e-06,gene_expression
PUTATIVE_TARGET_MEK,1.1430387e-05,9.758419e-06,target
HID1 (283987),1.1404873e-05,1.7103153e-07,gene_expression
fp_291,1.1396623e-05,-1.1011349e-05,fingerprint
DKK1 (22943),1.1377935e-05,-1.3418052e-06,gene_expression
fp_103,1.13630795e-05,1.13630795e-05,fingerprint
TSPAN15 (23555),1.1310273e-05,5.020519e-08,gene_expression
fp_597,1.1251862e-05,-1.1251862e-05,fingerprint
PPARG (5468),1.1241153e-05,-1.4610885e-06,gene_expression
PDZK1IP1 (10158),1.12297275e-05,4.290279e-06,gene_expression
cn_THBS2 (7058),1.1212994e-05,4.4057074e-06,copy_number
PUTATIVE_TARGET_IAP,1.1150041e-05,-1.1150041e-05,target
IL1A (3552),1.1101287e-05,-1.0411749e-06,gene_expression
PUTATIVE_TARGET_PDK1 (PDPK1),1.1020304e-05,1.1020304e-05,target
fp_689,1.0906535e-05,-1.0652431e-05,fingerprint
fp_634,1.0894766e-05,5.4127127e-06,fingerprint
fp_646,1.0824971e-05,-7.4635996e-06,fingerprint
fp_896,1.0814643e-05,-5.87108e-06,fingerprint
ICAM2 (3384),1.0810312e-05,-3.5972537e-06,gene_expression
cn_WWC1 (23286),1.07946835e-05,-1.7846606e-06,copy_number
PDLIM4 (8572),1.0768602e-05,1.490984e-06,gene_expression
fp_366,1.07083315e-05,-7.277653e-06,fingerprint
GNG4 (2786),1.0677653e-05,8.06687e-07,gene_expression
CCND2 (894),1.0674085e-05,2.2723636e-07,gene_expression
rppa_PI3K-p85,1.0579998e-05,-8.892578e-07,rppa
cn_ZSCAN18 (65982),1.0549301e-05,-2.126536e-06,copy_number
fp_113,1.0548284e-05,1.0435873e-05,fingerprint
cn_TMEM30B (161291),1.0514273e-05,-6.504405e-08,copy_number
PMEPA1 (56937),1.0458983e-05,3.2074677e-06,gene_expression
PHLDA2 (7262),1.0387423e-05,9.436946e-07,gene_expression
fp_287,1.0242484e-05,4.7506564e-06,fingerprint
PRSS3 (5646),1.0084382e-05,8.5749356e-08,gene_expression
ABCC2 (1244),1.0048632e-05,-6.6384835e-08,gene_expression
IGFBP6 (3489),1.0021623e-05,5.1533652e-06,gene_expression
CKMT1B (1159),1.0010183e-05,2.098233e-06,gene_expression
rppa_TSC1_Caution,1.0006598e-05,-8.093857e-07,rppa
PUTATIVE_TARGET_CHEK1,9.992171e-06,9.992171e-06,target
RAB34 (83871),9.890734e-06,2.0601424e-07,gene_expression
rppa_NDRG1_pT346,9.865219e-06,-2.511779e-06,rppa
PUTATIVE_TARGET_FLT1;KDR,9.843193e-06,-9.843193e-06,target
SLC6A15 (55117),9.7563e-06,-1.1724534e-06,gene_expression
cn_GATA2 (2624),9.735079e-06,-2.0370429e-07,copy_number
PUTATIVE_TARGET_eEF2K,9.724195e-06,-9.724195e-06,target
fp_776,9.683232e-06,-7.234973e-06,fingerprint
HSPB8 (26353),9.654997e-06,-3.3903368e-07,gene_expression
target_token_HSP90AA1,9.652398e-06,9.134839e-06,target_multihot
NLRP2 (55655),9.6468175e-06,-1.6165079e-06,gene_expression
EPCAM (4072),9.6221975e-06,6.3008287e-07,gene_expression
fp_264,9.617316e-06,7.776793e-06,fingerprint
"PUTATIVE_TARGET_Procaspase-3, Procaspase-7",9.613865e-06,-9.613865e-06,target
PUTATIVE_TARGET_DNA alkylating agent,9.57989e-06,-9.57989e-06,target
PUTATIVE_TARGET_PLK3,9.5751275e-06,-9.5751275e-06,target
LYZ (4069),9.572237e-06,8.370241e-08,gene_expression
CXCR4 (7852),9.568786e-06,-3.1566321e-06,gene_expression
fp_784,9.531618e-06,7.852351e-06,fingerprint
S100A14 (57402),9.511886e-06,7.897234e-07,gene_expression
fp_270,9.508087e-06,-9.508087e-06,fingerprint
MATN2 (4147),9.452479e-06,6.8022973e-07,gene_expression
fp_295,9.447146e-06,-5.352293e-07,fingerprint
fp_622,9.418401e-06,6.0144254e-07,fingerprint
SERPINE2 (5270),9.41357e-06,5.863631e-07,gene_expression
PYGL (5836),9.41121e-06,8.3683807e-07,gene_expression
KRT16 (3868),9.363838e-06,5.868719e-06,gene_expression
cn_PCDH1 (5097),9.350779e-06,3.7435796e-06,copy_number
CRMP1 (1400),9.343412e-06,-1.1773238e-06,gene_expression
PRSS22 (64063),9.301783e-06,4.4089657e-06,gene_expression
"PUTATIVE_TARGET_FGRF1, FGFR2, FGFR3",9.280203e-06,9.280203e-06,target
rppa_eIF4E,9.239507e-06,1.958008e-06,rppa
NPAS2 (4862),9.236554e-06,1.4618378e-06,gene_expression
SRPX (8406),9.209218e-06,-1.2831397e-06,gene_expression
PLAAT4 (5920),9.19937e-06,3.4801412e-06,gene_expression
fp_921,9.186678e-06,8.991005e-06,fingerprint
PUTATIVE_TARGET_SIRT1,9.157687e-06,-9.157687e-06,target
fp_718,9.056012e-06,-6.248075e-06,fingerprint
fp_913,9.0260555e-06,-7.868032e-06,fingerprint
cn_PPARG (5468),9.001311e-06,-5.595085e-07,copy_number
ERRFI1 (54206),8.9971945e-06,1.886905e-07,gene_expression
cn_PTX3 (5806),8.964778e-06,1.8617358e-07,copy_number
GYPC (2995),8.943473e-06,4.212385e-07,gene_expression
cn_AHNAK (79026),8.937701e-06,-1.8609562e-06,copy_number
PUTATIVE_TARGET_Abl/Bcr-Abl,8.929818e-06,-8.778216e-06,target
LAMA4 (3910),8.88707e-06,-2.5502666e-07,gene_expression
GSTP1 (2950),8.884731e-06,1.5411476e-07,gene_expression
fp_303,8.755727e-06,-8.755727e-06,fingerprint
fp_497,8.694214e-06,-8.338794e-06,fingerprint
TMEM30B (161291),8.693434e-06,-8.785869e-08,gene_expression
P3H3 (10536),8.666035e-06,5.4141145e-07,gene_expression
CEP15 (57415),8.633173e-06,-2.3111068e-06,gene_expression
cn_CCL20 (6364),8.5472275e-06,-2.0143602e-06,copy_number
fp_726,8.492667e-06,-1.6979285e-06,fingerprint
rppa_PARP_cleaved_Caution,8.482103e-06,-2.009357e-06,rppa
LAMB2 (3913),8.444233e-06,1.2760784e-06,gene_expression
ACTA2 (59),8.399992e-06,-5.0990793e-06,gene_expression
cn_SQOR (58472),8.380428e-06,1.4996963e-06,copy_number
fp_801,8.375996e-06,-5.2964297e-06,fingerprint
TSPAN7 (7102),8.3529185e-06,1.7945864e-06,gene_expression
fp_588,8.257136e-06,7.739635e-06,fingerprint
GPRC5B (51704),8.256101e-06,-1.7962207e-06,gene_expression
HTRA1 (5654),8.200784e-06,2.336686e-06,gene_expression
cn_COL12A1 (1303),8.198427e-06,1.4034454e-06,copy_number
fp_512,8.112815e-06,7.267684e-08,fingerprint
PLEK (5341),8.076406e-06,4.6965457e-07,gene_expression
SELENOP (6414),8.069684e-06,2.8531513e-06,gene_expression
CDH1 (999),8.067809e-06,3.0152053e-06,gene_expression
DMKN (93099),7.997472e-06,-2.1184187e-06,gene_expression
cn_PTGES (9536),7.9727915e-06,2.7084373e-06,copy_number
structure_missing,7.94802e-06,-8.042585e-07,structure_missing
fp_901,7.9472975e-06,-7.84298e-06,fingerprint
cn_ZNF595 (152687),7.905104e-06,-1.9427175e-06,copy_number
ETS1 (2113),7.888914e-06,7.418902e-07,gene_expression
fp_282,7.87724e-06,2.1134686e-06,fingerprint
fp_86,7.867886e-06,-7.013697e-06,fingerprint
H2AJ (55766),7.864489e-06,4.887129e-07,gene_expression
WNT5A (7474),7.85896e-06,6.2631847e-07,gene_expression
fp_884,7.806268e-06,-7.735466e-06,fingerprint
rppa_Shc_pY317,7.795576e-06,2.249848e-06,rppa
fp_316,7.787866e-06,7.770608e-06,fingerprint
MX2 (4600),7.772373e-06,2.28517e-06,gene_expression
fp_599,7.695665e-06,2.4823576e-06,fingerprint
ICAM1 (3383),7.673478e-06,4.2226898e-09,gene_expression
PEG10 (23089),7.62819e-06,3.2470405e-07,gene_expression
fp_278,7.6043375e-06,-5.47434e-06,fingerprint
NPNT (255743),7.506537e-06,-3.599395e-06,gene_expression
SMARCA1 (6594),7.4958602e-06,4.309659e-08,gene_expression
fp_809,7.468643e-06,4.2539392e-07,fingerprint
fp_561,7.4591067e-06,7.109791e-06,fingerprint
rppa_PKC-alpha_pS657_Caution,7.454872e-06,-1.6734994e-06,rppa
fp_655,7.4004024e-06,6.3346038e-06,fingerprint
fp_794,7.3974043e-06,6.075285e-06,fingerprint
PUTATIVE_TARGET_LIMK1,7.368507e-06,-7.368507e-06,target
ARHGAP15 (55843),7.325685e-06,-1.7514188e-06,gene_expression
cn_MISP (126353),7.2942657e-06,8.755071e-07,copy_number
fp_273,7.292505e-06,7.292505e-06,fingerprint
MGST1 (4257),7.287847e-06,6.61284e-07,gene_expression
OSMR (9180),7.191793e-06,3.356079e-06,gene_expression
UCP2 (7351),7.188337e-06,2.5693384e-06,gene_expression
KRT18 (3875),7.1385643e-06,8.8903886e-07,gene_expression
cn_CRIM1 (51232),7.127097e-06,2.790314e-06,copy_number
MEST (4232),7.0810725e-06,-9.0372276e-07,gene_expression
GNA15 (2769),7.0573947e-06,1.682024e-06,gene_expression
VSIR (64115),7.0445944e-06,-9.860985e-07,gene_expression
GPX2 (2877),7.015678e-06,-1.4109573e-06,gene_expression
fp_14,6.992345e-06,5.308188e-06,fingerprint
CD44 (960),6.961625e-06,-2.0976704e-07,gene_expression
FAM83H (286077),6.901348e-06,4.7867223e-07,gene_expression
PHLDB2 (90102),6.8883505e-06,-1.3536502e-06,gene_expression
PUTATIVE_TARGET_PORCN,6.8652025e-06,-6.8652025e-06,target
MYH14 (79784),6.8103504e-06,1.0403096e-06,gene_expression
PRSS21 (10942),6.7608016e-06,-2.1888286e-06,gene_expression
LGALS4 (3960),6.7124206e-06,-3.535397e-06,gene_expression
target_token_SRC,6.6303924e-06,6.602055e-06,target_multihot
fp_581,6.6096104e-06,6.6096104e-06,fingerprint
CAMK2N1 (55450),6.6060948e-06,2.293703e-06,gene_expression
fp_637,6.577647e-06,-4.5604556e-06,fingerprint
fp_321,6.567702e-06,5.215846e-06,fingerprint
cn_IKZF1 (10320),6.565115e-06,-1.9441136e-06,copy_number
rppa_PKC-pan_BetaII_pS660,6.553253e-06,8.8118105e-07,rppa
fp_934,6.479914e-06,6.3666e-06,fingerprint
fp_721,6.4707588e-06,3.5870946e-06,fingerprint
KYNU (8942),6.455897e-06,-3.4054182e-07,gene_expression
RAI14 (26064),6.433961e-06,-4.453302e-07,gene_expression
target_token_INSR,6.417364e-06,6.417364e-06,target_multihot
S100A4 (6275),6.3527773e-06,-1.1269219e-06,gene_expression
cn_TRPV2 (51393),6.3328575e-06,-1.3369126e-08,copy_number
rppa_ATM,6.33004e-06,1.1820207e-06,rppa
TPM1 (7168),6.322603e-06,6.9864154e-07,gene_expression
UPK3B (105375355),6.2947065e-06,4.0110848e-07,gene_expression
NCAM1 (4684),6.2498348e-06,-2.9561356e-06,gene_expression
fp_596,6.221893e-06,-5.661914e-06,fingerprint
fp_27,6.214128e-06,4.9557216e-06,fingerprint
PODXL2 (50512),6.1951087e-06,-1.2533636e-06,gene_expression
fp_603,6.193273e-06,3.2334608e-06,fingerprint
DAPK1 (1612),6.1592377e-06,-4.79291e-07,gene_expression
LIMCH1 (22998),6.1489654e-06,1.0837885e-07,gene_expression
fp_706,6.147046e-06,5.2785053e-06,fingerprint
CD79B (974),6.1294177e-06,1.5312401e-06,gene_expression
cn_CKMT1B (1159),6.1133587e-06,2.664799e-06,copy_number
rppa_SHP-2_pY542_Caution,6.0820976e-06,1.0298289e-06,rppa
PUTATIVE_TARGET_inhibitor of downstream signaling of RIP3 associated with MLKL,6.0805896e-06,6.0805896e-06,target
target_token_SCREENING_HIT,6.013908e-06,-4.475555e-06,target_multihot
rppa_PKC-alpha,5.9920535e-06,-1.4191778e-06,rppa
APLP1 (333),5.979729e-06,-7.0967036e-07,gene_expression
cn_CCDC9B (388115),5.9632807e-06,8.3572434e-07,copy_number
rppa_beta-Catenin,5.959585e-06,2.2488213e-07,rppa
IFITM3 (10410),5.9507397e-06,-9.948343e-07,gene_expression
SEPTIN10 (151011),5.918593e-06,-5.3409155e-07,gene_expression
PHGDH (26227),5.894373e-06,1.9380111e-07,gene_expression
fp_947,5.8768323e-06,-2.7863966e-06,fingerprint
IGFBP7 (3490),5.854273e-06,-6.932091e-07,gene_expression
fp_918,5.834914e-06,-5.3924746e-06,fingerprint
SOX9 (6662),5.812951e-06,4.4896913e-07,gene_expression
fp_280,5.7957845e-06,1.1635238e-06,fingerprint
fp_208,5.7846246e-06,-4.275531e-06,fingerprint
TP63 (8626),5.773723e-06,-7.717406e-07,gene_expression
LBH (81606),5.764339e-06,8.258377e-07,gene_expression
PUTATIVE_TARGET_FLT1;FLT4;KDR,5.7176776e-06,-5.7176776e-06,target
COL8A1 (1295),5.711817e-06,7.575759e-07,gene_expression
fp_898,5.704564e-06,4.807345e-06,fingerprint
FKBP9 (11328),5.702478e-06,1.3387463e-06,gene_expression
cn_RNASE1 (6035),5.7024768e-06,1.1291538e-06,copy_number
cn_F2RL1 (2150),5.6868175e-06,4.6565387e-07,copy_number
"PUTATIVE_TARGET_EGFR, ERBB2",5.660698e-06,-5.660698e-06,target
PUTATIVE_TARGET_CRBN,5.6563135e-06,-5.6563135e-06,target
CALD1 (800),5.6483036e-06,1.7120728e-06,gene_expression
AKR1C2 (1646),5.6054328e-06,-4.8936244e-08,gene_expression
fp_888,5.588913e-06,-5.3360745e-06,fingerprint
fp_606,5.5862884e-06,3.1245484e-06,fingerprint
fp_620,5.571049e-06,-5.3641998e-06,fingerprint
GRB7 (2886),5.552936e-06,-1.1530608e-06,gene_expression
ZNF595 (152687),5.536529e-06,1.3636053e-07,gene_expression
MPZL2 (10205),5.51664e-06,1.4335108e-06,gene_expression
PUTATIVE_TARGET_FASN;HMGCS1,5.5128025e-06,-5.5128025e-06,target
target_token_AURKB,5.497942e-06,-2.727948e-07,target_multihot
WIPF1 (7456),5.4804377e-06,1.449687e-07,gene_expression
PUTATIVE_TARGET_electrophilic inducer of the NFE2L2-KEAP1 pathway,5.4607262e-06,5.4607262e-06,target
LAMA3 (3909),5.4538377e-06,4.4465335e-07,gene_expression
AGR2 (10551),5.4485795e-06,-3.0277332e-07,gene_expression
cn_PMP22 (5376),5.43355e-06,-2.7982009e-07,copy_number
rppa_VEGFR2,5.4302795e-06,1.2136583e-06,rppa
PUTATIVE_TARGET_PLK1,5.3866293e-06,-2.6414375e-06,target
COL5A1 (1289),5.376256e-06,2.183892e-06,gene_expression
GULP1 (51454),5.3112994e-06,3.9038585e-07,gene_expression
RBM47 (54502),5.29439e-06,1.8784324e-06,gene_expression
FHL2 (2274),5.2584164e-06,4.5664174e-07,gene_expression
BACE2 (25825),5.2400806e-06,2.8159118e-06,gene_expression
MYO1G (64005),5.229332e-06,2.767572e-07,gene_expression
rppa_PDK1,5.2255723e-06,1.4961154e-06,rppa
S100A13 (6284),5.2229657e-06,-1.73195e-06,gene_expression
KRT6A (3853),5.2068235e-06,-5.6527733e-07,gene_expression
rppa_ACC1_Caution,5.1987336e-06,1.2174993e-06,rppa
rppa_Claudin-7,5.182515e-06,2.0315846e-07,rppa
PTPN6 (5777),5.145451e-06,-8.680615e-07,gene_expression
CCN2 (1490),5.133926e-06,-3.049209e-07,gene_expression
rppa_C-Raf_pS338,5.1277802e-06,4.717876e-06,rppa
PATHWAY_NAME_IGF1R signaling,5.121354e-06,-5.121354e-06,pathway
PUTATIVE_TARGET_Glycolysis,5.0935773e-06,-5.0935773e-06,target
cn_ID4 (3400),5.093395e-06,4.330784e-07,copy_number
HOXC10 (3226),5.0919994e-06,-2.023368e-06,gene_expression
PKP3 (11187),5.0653525e-06,1.6816006e-06,gene_expression
ARHGAP30 (257106),5.037321e-06,-1.6614389e-07,gene_expression
fp_492,5.0157996e-06,-4.193438e-06,fingerprint
fp_966,5.012381e-06,4.1097815e-06,fingerprint
ARHGAP4 (393),4.9854934e-06,-7.5846987e-07,gene_expression
cn_SULF2 (55959),4.9613604e-06,-1.5142698e-06,copy_number
CCL20 (6364),4.9598484e-06,-5.1825094e-07,gene_expression
ITGB4 (3691),4.9373284e-06,-1.1455317e-06,gene_expression
GJA1 (2697),4.934743e-06,1.3645188e-06,gene_expression
fp_611,4.9294617e-06,1.9659833e-06,fingerprint
FYN (2534),4.9179594e-06,-8.071237e-07,gene_expression
PUTATIVE_TARGET_AMPK agonist,4.9130977e-06,-4.9130977e-06,target
rppa_G6PD,4.9116e-06,2.949198e-07,rppa
PUTATIVE_TARGET_p38,4.9027667e-06,-4.9027667e-06,target
CEACAM6 (4680),4.862215e-06,7.71655e-07,gene_expression
GCNT3 (9245),4.8433044e-06,3.5143847e-07,gene_expression
PUTATIVE_TARGET_Anti-metabolite,4.820553e-06,-4.820553e-06,target
VGF (7425),4.8047136e-06,9.146375e-08,gene_expression
PUTATIVE_TARGET_IDH2(R140Q),4.786421e-06,-4.786421e-06,target
PUTATIVE_TARGET_S1P,4.7858302e-06,4.7858302e-06,target
TNFRSF11B (4982),4.7775984e-06,2.779336e-06,gene_expression
BCL2A1 (597),4.75402e-06,1.4466756e-06,gene_expression
PUTATIVE_TARGET_Sphingosine Kinase,4.7518292e-06,-4.7518292e-06,target
PLK2 (10769),4.7437516e-06,9.699e-07,gene_expression
fp_933,4.7227695e-06,-4.1293633e-06,fingerprint
"PUTATIVE_TARGET_PI3K (class 1), MTORC1, MTORC2",4.7167932e-06,2.5695826e-06,target
WWC1 (23286),4.7093044e-06,2.139506e-07,gene_expression
IGF2 (3481),4.689627e-06,8.2492704e-07,gene_expression
TMEM265 (100862671),4.646414e-06,-5.1734204e-08,gene_expression
TMEM156 (80008),4.6366868e-06,-2.4143792e-06,gene_expression
cn_KRT17 (3872),4.616751e-06,1.7976174e-06,copy_number
CDA (978),4.5888232e-06,1.395686e-06,gene_expression
IGLL5 (100423062),4.5823945e-06,2.0844186e-06,gene_expression
COTL1 (23406),4.5664488e-06,2.926584e-06,gene_expression
CSTA (1475),4.5441147e-06,-1.6793038e-07,gene_expression
MFNG (4242),4.5271727e-06,4.2670686e-07,gene_expression
fp_914,4.5153074e-06,-4.356777e-06,fingerprint
cn_CES1 (1066),4.5102306e-06,-2.8722684e-07,copy_number
PUTATIVE_TARGET_RRM1,4.5051715e-06,4.5051715e-06,target
CD40 (958),4.48717e-06,-7.9117945e-07,gene_expression
PUTATIVE_TARGET_natural product,4.4648013e-06,4.4114277e-06,target
cn_MSC (9242),4.455934e-06,1.6916564e-06,copy_number
fp_255,4.4535586e-06,3.4553186e-06,fingerprint
CRB3 (92359),4.44635e-06,-2.746821e-07,gene_expression
CD109 (135228),4.4424405e-06,2.2357062e-06,gene_expression
fp_338,4.43733e-06,-4.43733e-06,fingerprint
TMEM54 (113452),4.4135036e-06,7.4237107e-07,gene_expression
KLF5 (688),4.4092903e-06,8.8995665e-07,gene_expression
MEF2C (4208),4.4086937e-06,-2.6994817e-06,gene_expression
target_token_ABL1,4.401707e-06,4.401707e-06,target_multihot
LYPD3 (27076),4.3943755e-06,1.8759384e-06,gene_expression
rppa_EGFR,4.3937684e-06,5.6713503e-07,rppa
EPHA2 (1969),4.352184e-06,1.5809607e-06,gene_expression
NELL2 (4753),4.324392e-06,1.486828e-07,gene_expression
DPP4 (1803),4.300153e-06,1.7094327e-07,gene_expression
CD37 (951),4.2449715e-06,-1.8114334e-06,gene_expression
TGM2 (7052),4.235194e-06,-1.9114543e-07,gene_expression
CDKN2A (1029),4.230146e-06,-6.2877507e-07,gene_expression
EHF (26298),4.228141e-06,1.0741717e-06,gene_expression
PTK7 (5754),4.2179963e-06,-1.1649352e-07,gene_expression
EMP1 (2012),4.216041e-06,5.7655524e-07,gene_expression
fp_629,4.211471e-06,3.906758e-06,fingerprint
PUTATIVE_TARGET_CASP3,4.188606e-06,4.188606e-06,target
DIO2 (1734),4.1844078e-06,6.76409e-07,gene_expression
fp_617,4.1693947e-06,4.168315e-06,fingerprint
TMT1A (25840),4.167404e-06,1.6529168e-06,gene_expression
CLDN4 (1364),4.1599887e-06,-4.2463167e-08,gene_expression
fp_621,4.154394e-06,3.2465477e-06,fingerprint
MACROH2A2 (55506),4.1410112e-06,-2.6018452e-06,gene_expression
cn_RAB17 (64284),4.0924647e-06,2.1595151e-06,copy_number
CXCL1 (2919),4.079267e-06,9.957266e-07,gene_expression
ST14 (6768),4.0332247e-06,1.3229279e-06,gene_expression
NEFL (4747),4.018913e-06,3.161805e-06,gene_expression
APBB1IP (54518),4.014048e-06,-3.147509e-07,gene_expression
cn_TNFRSF14 (8764),3.948152e-06,-1.0313099e-06,copy_number
IRAG2 (4033),3.9444963e-06,-2.8303393e-06,gene_expression
cn_PON2 (5445),3.9321953e-06,5.3047404e-07,copy_number
rppa_Lck,3.9214897e-06,3.4957563e-07,rppa
mut_BIRC6,3.9130896e-06,-1.0123048e-06,mutation
THBS1 (7057),3.9053366e-06,-5.6124914e-08,gene_expression
fp_279,3.9031825e-06,3.9031825e-06,fingerprint
JUP (3728),3.894579e-06,-6.276948e-08,gene_expression
FCRLA (84824),3.8945004e-06,2.8518394e-07,gene_expression
TPM2 (7169),3.890049e-06,-2.6303573e-07,gene_expression
cn_FRMD6 (122786),3.8898456e-06,2.5746983e-06,copy_number
cn_CXCR4 (7852),3.8729127e-06,9.092645e-07,copy_number
cn_LGALS4 (3960),3.866364e-06,-2.4735702e-06,copy_number
CD48 (962),3.8491567e-06,1.0341853e-06,gene_expression
CDKN2B (1030),3.8365574e-06,-1.4999312e-06,gene_expression
cn_KYNU (8942),3.834713e-06,1.8648287e-06,copy_number
rppa_Bad_pS112,3.8129094e-06,-1.3864096e-07,rppa
NID2 (22795),3.8101034e-06,-9.1147524e-07,gene_expression
rppa_MSH6_Caution,3.7953143e-06,-1.5752611e-06,rppa
RPS4Y1 (6192),3.7946468e-06,1.5372699e-06,gene_expression
HMOX1 (3162),3.793305e-06,-3.2379901e-07,gene_expression
NRP2 (8828),3.7929792e-06,1.2258574e-06,gene_expression
MXRA7 (439921),3.779963e-06,-3.0519487e-07,gene_expression
ELMO1 (9844),3.7738052e-06,1.3322325e-08,gene_expression
PTGES (9536),3.7518694e-06,2.611357e-07,gene_expression
RASGRP2 (10235),3.7495029e-06,7.0157023e-07,gene_expression
GAS6 (2621),3.7368306e-06,-7.358174e-07,gene_expression
target_token_BCL2,3.73319e-06,1.7423533e-06,target_multihot
fp_24,3.731889e-06,3.2156804e-06,fingerprint
PPL (5493),3.7123016e-06,-1.02105865e-07,gene_expression
MMP7 (4316),3.6995798e-06,1.1600205e-06,gene_expression
HLA-B (3106),3.6829767e-06,-4.0268964e-07,gene_expression
GNAI1 (2770),3.6616314e-06,2.3238174e-06,gene_expression
fp_590,3.66046e-06,-3.5159765e-06,fingerprint
fp_952,3.6574818e-06,4.5664484e-07,fingerprint
PKIB (5570),3.6312429e-06,-5.8547602e-08,gene_expression
STC1 (6781),3.6186598e-06,2.571735e-06,gene_expression
CRYAB (1410),3.6164026e-06,2.1295175e-07,gene_expression
fp_257,3.6161734e-06,-3.418645e-06,fingerprint
SERPINA1 (5265),3.6151073e-06,1.4232577e-06,gene_expression
SPP1 (6696),3.6126257e-06,-4.0775183e-07,gene_expression
JCHAIN (3512),3.6078288e-06,-1.4227717e-07,gene_expression
PLAU (5328),3.5944392e-06,1.1770793e-06,gene_expression
GDA (9615),3.583343e-06,2.191397e-06,gene_expression
fp_643,3.577503e-06,2.5851957e-06,fingerprint
fp_298,3.5523665e-06,-3.428427e-06,fingerprint
FAT1 (2195),3.5521502e-06,-6.163479e-07,gene_expression
cn_TWIST1 (7291),3.5502835e-06,1.1380774e-06,copy_number
ECM1 (1893),3.5502721e-06,9.312876e-07,gene_expression
fp_949,3.5470766e-06,-3.1472787e-06,fingerprint
cn_EGR1 (1958),3.5352687e-06,2.7912072e-06,copy_number
DUSP4 (1846),3.5286396e-06,3.309236e-07,gene_expression
fp_894,3.522725e-06,-2.5052052e-06,fingerprint
rppa_ERK2_Caution,3.522222e-06,-1.7826646e-07,rppa
rppa_Cyclin_D1,3.518064e-06,-4.7500123e-07,rppa
rppa_AR,3.5040607e-06,-7.0426427e-07,rppa
MTAP (4507),3.4873372e-06,-5.0773e-07,gene_expression
MSN (4478),3.4809448e-06,3.7972865e-07,gene_expression
DHRS2 (10202),3.4374482e-06,-1.561835e-07,gene_expression
HLA-C (3107),3.4363193e-06,1.3979327e-06,gene_expression
rppa_c-Kit,3.424175e-06,-3.2533226e-08,rppa
rppa_RSK1-2-3_Caution,3.4102884e-06,-7.282659e-08,rppa
cn_PHGDH (26227),3.404058e-06,-1.5514883e-06,copy_number
PAPSS2 (9060),3.3979038e-06,-4.786577e-07,gene_expression
MX1 (4599),3.363569e-06,-1.6247972e-06,gene_expression
rppa_SF2,3.311672e-06,4.8340087e-07,rppa
EMP2 (2013),3.3056535e-06,-1.6753764e-06,gene_expression
cn_IL18 (3606),3.3041379e-06,1.9578824e-06,copy_number
MME (4311),3.302261e-06,1.4396761e-06,gene_expression
BCAT1 (586),3.2783682e-06,5.3122346e-08,gene_expression
rppa_Caspase-7_cleavedD198_Caution,3.2760229e-06,-2.8353602e-07,rppa
LCP2 (3937),3.2735145e-06,1.5047468e-06,gene_expression
PSMB8 (5696),3.27254e-06,2.923905e-07,gene_expression
rppa_Src_pY416_Caution,3.2638372e-06,6.835851e-07,rppa
S100A2 (6273),3.2526304e-06,6.6379647e-07,gene_expression
RBP1 (5947),3.2482635e-06,1.7735184e-06,gene_expression
cn_MZB1 (51237),3.2299886e-06,-9.504715e-08,copy_number
CALB1 (793),3.2287903e-06,-7.316902e-07,gene_expression
ZNF677 (342926),3.226664e-06,1.7809354e-07,gene_expression
IL18 (3606),3.2235826e-06,-3.797397e-07,gene_expression
SLC17A9 (63910),3.1949742e-06,1.9639201e-07,gene_expression
IFITM1 (8519),3.1894108e-06,3.148065e-08,gene_expression
SRPX2 (27286),3.1831219e-06,-9.616795e-07,gene_expression
target_token_TOP1,3.18141e-06,3.18141e-06,target_multihot
rppa_YAP_pS127_Caution,3.1791799e-06,9.0835454e-07,rppa
cn_SPINT1 (6692),3.175352e-06,7.969481e-07,copy_number
cn_ITGB6 (3694),3.172027e-06,1.9249235e-06,copy_number
FLI1 (2313),3.1651857e-06,-1.15635785e-07,gene_expression
EIF1AY (9086),3.1635063e-06,-3.0816753e-07,gene_expression
PON2 (5445),3.1411223e-06,-4.6138206e-07,gene_expression
LOXL2 (4017),3.1407387e-06,-4.2474187e-07,gene_expression
EFEMP2 (30008),3.131076e-06,4.7836386e-07,gene_expression
fp_274,3.12955e-06,2.6209655e-06,fingerprint
cn_DLC1 (10395),3.1261732e-06,9.5231456e-07,copy_number
VAMP5 (10791),3.1216491e-06,9.667917e-07,gene_expression
cn_NXN (64359),3.1200702e-06,9.027239e-07,copy_number
ARHGEF6 (9459),3.1192187e-06,-4.5345536e-07,gene_expression
FN1 (2335),3.1131094e-06,-8.587115e-07,gene_expression
ADGRG1 (9289),3.1073434e-06,1.884919e-07,gene_expression
fp_238,3.1055438e-06,-2.8946301e-06,fingerprint
SNAI2 (6591),3.1001075e-06,1.8655397e-06,gene_expression
DDR1 (780),3.068793e-06,-1.5463223e-06,gene_expression
CDC42EP1 (11135),3.0687372e-06,9.517834e-07,gene_expression
NRCAM (4897),3.067848e-06,3.2622623e-07,gene_expression
cn_LGALS9 (3965),3.0478793e-06,-1.1971854e-06,copy_number
IER3 (8870),3.041074e-06,-4.4096006e-07,gene_expression
fp_942,3.0385959e-06,-2.9328553e-06,fingerprint
rppa_Gab2,3.0319786e-06,-1.6468558e-08,rppa
"PUTATIVE_TARGET_ERK1, ERK2",3.028007e-06,-3.028007e-06,target
SPINT2 (10653),3.021019e-06,-5.3467026e-09,gene_expression
fp_261,3.004333e-06,1.3768514e-06,fingerprint
cn_TNFSF10 (8743),2.9994183e-06,-1.2402002e-07,copy_number
rppa_Transglutaminase,2.9990638e-06,-7.3088927e-07,rppa
KRTCAP3 (200634),2.9975015e-06,9.329403e-08,gene_expression
rppa_PKC-delta_pS664,2.9712253e-06,-7.24329e-07,rppa
PBX1 (5087),2.969661e-06,-2.9801438e-07,gene_expression
PUTATIVE_TARGET_FLT1;FLT3;KDR;KIT;PDGFRA;PDGFRB,2.9516523e-06,1.46527e-06,target
NR2F2 (7026),2.94183e-06,-1.15637e-07,gene_expression
mut_DNAH2,2.9302275e-06,-5.160013e-07,mutation
ALDH7A1 (501),2.9280143e-06,4.7520007e-07,gene_expression
ITGA4 (3676),2.911414e-06,-1.0442116e-06,gene_expression
ID2 (3398),2.9091632e-06,6.1051185e-07,gene_expression
fp_997,2.9039786e-06,2.730144e-06,fingerprint
NTN4 (59277),2.8998793e-06,-9.572844e-07,gene_expression
RAMP1 (10267),2.880683e-06,-3.5332343e-07,gene_expression
cn_ETS1 (2113),2.8794939e-06,1.3230454e-06,copy_number
rppa_4E-BP1_pT37_T46,2.8646252e-06,5.007784e-08,rppa
MSLN (10232),2.8571956e-06,-3.2110762e-07,gene_expression
TBX3 (6926),2.8498514e-06,-1.3872933e-06,gene_expression
IGFBP2 (3485),2.8389152e-06,8.0858435e-08,gene_expression
MGP (4256),2.8210582e-06,1.6042013e-07,gene_expression
PLAC8 (51316),2.8066866e-06,-2.640351e-07,gene_expression
APOBEC3B (9582),2.797045e-06,2.2592519e-07,gene_expression
SIRPA (140885),2.7940155e-06,-1.4024678e-06,gene_expression
fp_945,2.7859048e-06,2.0404202e-06,fingerprint
RND3 (390),2.781208e-06,9.127302e-08,gene_expression
cn_WNT5A (7474),2.7800672e-06,3.887833e-07,copy_number
rppa_TAZ,2.7794474e-06,-5.17551e-07,rppa
SELENOM (140606),2.7732235e-06,1.452165e-06,gene_expression
PUTATIVE_TARGET_MAP2K1;MAP2K2,2.7718716e-06,-2.7718716e-06,target
ST6GAL1 (6480),2.7650171e-06,1.5774516e-07,gene_expression
HNMT (3176),2.7634678e-06,1.2238247e-06,gene_expression
rppa_Collagen_VI,2.7603035e-06,-6.744851e-07,rppa
TPD52L1 (7164),2.7529734e-06,-1.2791968e-07,gene_expression
rppa_RBM15,2.744359e-06,3.3784747e-08,rppa
rppa_Syk,2.7422489e-06,-2.417165e-07,rppa
TSPAN13 (27075),2.741329e-06,-1.3217915e-08,gene_expression
RAB31 (11031),2.7411065e-06,6.6682946e-07,gene_expression
AKR1C1 (1645),2.737657e-06,-4.2351346e-08,gene_expression
S100A1 (6271),2.7288881e-06,2.2932424e-07,gene_expression
NOTCH3 (4854),2.7233052e-06,-2.1003017e-07,gene_expression
C6orf132 (647024),2.7199565e-06,-7.5929967e-07,gene_expression
LAMB3 (3914),2.7188044e-06,-9.417611e-07,gene_expression
cn_PHLDA1 (22822),2.7133312e-06,1.8091102e-06,copy_number
EPDR1 (54749),2.7107085e-06,-3.3622942e-07,gene_expression
ITGBL1 (9358),2.7047956e-06,8.007383e-07,gene_expression
INA (9118),2.7005399e-06,-8.203157e-07,gene_expression
MFAP5 (8076),2.6874616e-06,-1.2662846e-06,gene_expression
CTHRC1 (115908),2.6845046e-06,-4.938124e-07,gene_expression
cn_MFAP5 (8076),2.6838622e-06,-6.2030114e-07,copy_number
cn_NT5E (4907),2.6832577e-06,5.0138567e-07,copy_number
VPREB3 (29802),2.6776147e-06,-6.7501475e-07,gene_expression
fp_308,2.6769208e-06,1.9414397e-06,fingerprint
mut_PTEN,2.6747505e-06,-9.327205e-08,mutation
cn_SELENBP1 (8991),2.6742453e-06,1.0903767e-06,copy_number
PAX8 (7849),2.6677997e-06,4.5740504e-07,gene_expression
LAD1 (3898),2.65836e-06,-1.4744367e-07,gene_expression
cn_CDH2 (1000),2.6483362e-06,2.4319883e-07,copy_number
F2R (2149),2.6384675e-06,-1.3517935e-07,gene_expression
KRT4 (3851),2.6260177e-06,2.54816e-07,gene_expression
fp_575,2.623479e-06,-2.233127e-06,fingerprint
rppa_GATA3,2.5750705e-06,-9.2908124e-07,rppa
fp_925,2.5617983e-06,2.5617983e-06,fingerprint
KRT14 (3861),2.5553031e-06,3.1732299e-07,gene_expression
PTPRC (5788),2.5525155e-06,-1.1984778e-06,gene_expression
NIBAN2 (64855),2.5513984e-06,2.752887e-07,gene_expression
cn_GALNT3 (2591),2.5474037e-06,-1.5855113e-07,copy_number
CD74 (972),2.5387665e-06,-7.5547626e-07,gene_expression
BCHE (590),2.5296872e-06,1.4622477e-06,gene_expression
ADAMTS1 (9510),2.5269076e-06,-1.1218162e-06,gene_expression
fp_191,2.5227264e-06,-1.5554459e-06,fingerprint
cn_RHOD (29984),2.4959722e-06,-2.1846623e-07,copy_number
rppa_MSH2,2.495326e-06,4.727563e-07,rppa
PRSS8 (5652),2.4947872e-06,-6.77961e-08,gene_expression
GNG11 (2791),2.4933202e-06,8.517132e-07,gene_expression
DCN (1634),2.4887236e-06,1.8125421e-07,gene_expression
QPRT (23475),2.4883484e-06,6.9566846e-07,gene_expression
fp_644,2.4851133e-06,2.061301e-06,fingerprint
cn_FBN1 (2200),2.4699427e-06,-1.6086108e-07,copy_number
fp_305,2.4652688e-06,2.4547248e-06,fingerprint
rppa_Bax,2.456992e-06,-2.8846213e-07,rppa
GATA2 (2624),2.4558904e-06,-1.4228867e-06,gene_expression
cn_PTN (5764),2.4530887e-06,-3.442523e-08,copy_number
cn_CFI (3426),2.450917e-06,2.3183935e-07,copy_number
PYCARD (29108),2.4499202e-06,8.1689016e-08,gene_expression
CDH2 (1000),2.4263213e-06,-6.669813e-07,gene_expression
PFN2 (5217),2.4253711e-06,-9.2372574e-07,gene_expression
MYEF2 (50804),2.4216947e-06,-4.9147013e-07,gene_expression
target_token_BCL2L2,2.416205e-06,1.1841653e-06,target_multihot
TES (26136),2.4070646e-06,7.489159e-07,gene_expression
ADGRG6 (57211),2.3935193e-06,-1.7099057e-07,gene_expression
STMN3 (50861),2.3915038e-06,4.5790656e-09,gene_expression
cn_ITGB3 (3690),2.3868051e-06,1.3822186e-06,copy_number
DCBLD2 (131566),2.381207e-06,-7.7788326e-07,gene_expression
fp_855,2.3651935e-06,-2.0187376e-06,fingerprint
target_token_PIK3CD,2.3596265e-06,-1.3471824e-06,target_multihot
KCNN4 (3783),2.354359e-06,7.0173854e-08,gene_expression
rppa_Acetyl-a-Tubulin (Lys40)_Caution,2.35373e-06,-1.858556e-06,rppa
KRT13 (3860),2.3519337e-06,-4.4736214e-07,gene_expression
cn_CD79A (973),2.3496968e-06,-2.5635097e-07,copy_number
MAP2 (4133),2.345266e-06,-1.3038851e-07,gene_expression
fp_307,2.3439611e-06,1.877914e-06,fingerprint
AZGP1 (563),2.3428663e-06,-9.406806e-07,gene_expression
ITGB2 (3689),2.341258e-06,-1.7004962e-07,gene_expression
AMOTL2 (51421),2.3306898e-06,-2.3421454e-07,gene_expression
pathway_token_MTOR_SIGNALING,2.327469e-06,-1.8020538e-06,pathway_multihot
KRT5 (3852),2.3234693e-06,2.1811779e-07,gene_expression
IQANK1 (642574),2.319913e-06,-2.0213014e-07,gene_expression
cn_CADM1 (23705),2.312886e-06,-7.2737987e-07,copy_number
VCAN (1462),2.3050413e-06,-8.9794327e-07,gene_expression
SLFN13 (146857),2.3011082e-06,-4.7612093e-07,gene_expression
fp_589,2.2995357e-06,-1.7450122e-06,fingerprint
AKR1B1 (231),2.2975905e-06,2.1541085e-07,gene_expression
fp_49,2.2924244e-06,7.8141e-07,fingerprint
CST6 (1474),2.2908298e-06,5.8366305e-07,gene_expression
ACKR3 (57007),2.286668e-06,-1.0499703e-06,gene_expression
EFHD1 (80303),2.2821082e-06,-1.5991513e-07,gene_expression
RAC2 (5880),2.280142e-06,1.1326621e-07,gene_expression
MAGEA3 (4102),2.271478e-06,-1.3745369e-06,gene_expression
PCOLCE (5118),2.2634943e-06,1.2653985e-07,gene_expression
GLDC (2731),2.236582e-06,-2.433986e-07,gene_expression
ANXA6 (309),2.2321085e-06,2.1988446e-07,gene_expression
PSCA (8000),2.2308661e-06,-6.231859e-08,gene_expression
GATA3 (2625),2.2295046e-06,-1.0718726e-06,gene_expression
fp_69,2.22251e-06,9.1576896e-07,fingerprint
GLIPR1 (11010),2.2203444e-06,-4.982697e-07,gene_expression
fp_988,2.1796245e-06,-2.1796245e-06,fingerprint
TWIST1 (7291),2.1695992e-06,-7.8484106e-08,gene_expression
fp_987,2.1643073e-06,2.0602376e-06,fingerprint
cn_WIPF1 (7456),2.1618123e-06,-1.301166e-06,copy_number
fp_916,2.15861e-06,-2.0969305e-06,fingerprint
TGFB2 (7042),2.1556284e-06,-7.564341e-07,gene_expression
rppa_Rb_pS807_S811,2.1529984e-06,-1.2786143e-06,rppa
MT1G (4495),2.1525643e-06,5.333927e-08,gene_expression
TMEM158 (25907),2.149528e-06,-9.4571607e-07,gene_expression
AUTS2 (26053),2.130703e-06,9.830958e-07,gene_expression
rppa_SETD2_Caution,2.1219548e-06,7.880842e-07,rppa
cn_LCP2 (3937),2.1080905e-06,-5.927464e-07,copy_number
pathway_token_IGF1R_SIGNALING,2.1074577e-06,-2.1074577e-06,pathway_multihot
rppa_c-Jun_pS73,2.1003661e-06,4.5774254e-07,rppa
SERPINB2 (5055),2.0994726e-06,-3.360354e-07,gene_expression
KRT81 (3887),2.0979035e-06,-1.0608467e-06,gene_expression
rppa_Porin,2.0957493e-06,-1.3740423e-06,rppa
CYBRD1 (79901),2.0928533e-06,2.5995453e-08,gene_expression
fp_937,2.0910722e-06,-2.0311045e-06,fingerprint
HSH2D (84941),2.078518e-06,3.3789615e-07,gene_expression
LAT2 (7462),2.0685484e-06,7.3894665e-07,gene_expression
cn_IER3 (8870),2.0632963e-06,1.2858312e-06,copy_number
cn_SLFN13 (146857),2.059538e-06,-1.8400615e-06,copy_number
PUTATIVE_TARGET_TTK,2.0536231e-06,-1.9159538e-06,target
BCAM (4059),2.048666e-06,2.8763017e-07,gene_expression
DOCK2 (1794),2.0422617e-06,2.0522751e-07,gene_expression
PXDC1 (221749),2.0353025e-06,-7.108943e-07,gene_expression
MAGED4B (81557),2.035047e-06,-3.2003232e-08,gene_expression
cn_ARHGAP4 (393),2.0345155e-06,1.2253295e-07,copy_number
EFNA1 (1942),2.0250536e-06,1.3988692e-06,gene_expression
cn_IGFBP6 (3489),2.0155799e-06,6.672287e-08,copy_number
fp_652,2.0078926e-06,1.7286865e-06,fingerprint
fp_885,2.0041605e-06,1.7200655e-06,fingerprint
cn_SERPINB1 (1992),1.9950833e-06,-3.0436007e-07,copy_number
rppa_TIGAR,1.9912466e-06,5.351613e-08,rppa
cn_DPYSL3 (1809),1.9857425e-06,-1.7855857e-07,copy_number
rppa_Caspase-8_Caution,1.9817135e-06,-4.455757e-07,rppa
cn_AZGP1 (563),1.9729398e-06,-4.049555e-08,copy_number
cn_TNS4 (84951),1.9724869e-06,-7.154132e-07,copy_number
cn_PLEK2 (26499),1.967234e-06,-8.6126903e-07,copy_number
rppa_eEF2K,1.9593372e-06,8.7038745e-07,rppa
rppa_Bcl-2,1.9513855e-06,-5.822503e-07,rppa
COL6A1 (1291),1.945222e-06,1.371115e-07,gene_expression
VGLL1 (51442),1.9395613e-06,3.4440106e-07,gene_expression
cn_ST6GAL1 (6480),1.9389645e-06,-4.256517e-07,copy_number
cn_GPSM3 (63940),1.9324834e-06,1.4133563e-07,copy_number
rppa_Rb_Caution,1.932338e-06,1.8572601e-07,rppa
FEZ1 (9638),1.917516e-06,-1.8759923e-08,gene_expression
fp_570,1.9058702e-06,8.138537e-07,fingerprint
fp_288,1.892927e-06,-1.8080485e-06,fingerprint
PLTP (5360),1.8870942e-06,-8.8378016e-07,gene_expression
BTK (695),1.8833601e-06,2.2942112e-07,gene_expression
LARP6 (55323),1.880371e-06,7.270017e-08,gene_expression
cn_DZIP1 (22873),1.8798692e-06,2.3423655e-07,copy_number
MT1F (4494),1.8636651e-06,-5.586035e-07,gene_expression
F2RL1 (2150),1.862833e-06,-1.0622077e-06,gene_expression
SNRPN (6638),1.8622568e-06,3.651593e-08,gene_expression
OncotreeLineage_Lung,1.8590142e-06,-9.530878e-08,tissue
cn_JAM3 (83700),1.8546076e-06,5.836788e-08,copy_number
LAPTM5 (7805),1.8487683e-06,-9.5018174e-07,gene_expression
EPN3 (55040),1.8422367e-06,-2.1821438e-07,gene_expression
TMC6 (11322),1.8390435e-06,-6.022893e-07,gene_expression
"PUTATIVE_TARGET_PI3Kalpha, DAPK3, CLK4, PIM3, HIPK2",1.8379026e-06,1.8379026e-06,target
C3 (718),1.83519e-06,-2.8536346e-07,gene_expression
NREP (9315),1.8339582e-06,3.21369e-08,gene_expression
VEGFC (7424),1.8241047e-06,1.048996e-06,gene_expression
cn_PXDN (7837),1.81258e-06,4.1469934e-07,copy_number
cn_HENMT1 (113802),1.8120558e-06,3.186445e-08,copy_number
mut_EP400,1.811399e-06,-6.9349755e-07,mutation
fp_715,1.803025e-06,1.1277702e-06,fingerprint
PDLIM1 (9124),1.7959237e-06,7.5487634e-07,gene_expression
CRIP2 (1397),1.7928904e-06,-2.9024014e-07,gene_expression
FBN1 (2200),1.790466e-06,9.2948966e-07,gene_expression
cn_MACROH2A2 (55506),1.7895003e-06,1.2270156e-07,copy_number
cn_NMU (10874),1.7883557e-06,-1.10027e-06,copy_number
fp_911,1.7853325e-06,1.6730004e-06,fingerprint
cn_TPM2 (7169),1.7687892e-06,9.51929e-07,copy_number
rppa_Rictor_pT1135,1.7669606e-06,-1.0444527e-06,rppa
BGN (633),1.7572155e-06,-7.028963e-07,gene_expression
rppa_Smac_Caution,1.757026e-06,1.5818553e-07,rppa
cn_CTSL (1514),1.7569449e-06,8.7140927e-07,copy_number
cn_HPGD (3248),1.7566164e-06,9.575255e-07,copy_number
fp_929,1.7542965e-06,1.6497024e-06,fingerprint
mut_CHD7,1.7519734e-06,1.0243419e-06,mutation
cn_ALDH1A1 (216),1.7506729e-06,1.00018724e-07,copy_number
UPK1B (7348),1.750578e-06,1.1629924e-07,gene_expression
target_expr_interaction_RAC2__RAC2 (5880),1.7430008e-06,-1.7430008e-06,target_expression_interaction
MOXD1 (26002),1.7415342e-06,-1.0764015e-06,gene_expression
CHMP4C (92421),1.7368161e-06,-4.4362326e-07,gene_expression
cn_LAIR1 (3903),1.7337651e-06,-1.10760475e-07,copy_number
rppa_DJ-1,1.7319345e-06,-4.7825307e-07,rppa
TRIB2 (28951),1.7299251e-06,1.7402468e-07,gene_expression
rppa_MAPK_pT202_Y204,1.7230936e-06,2.8091165e-07,rppa
SEMA3B (7869),1.7209725e-06,-4.6364585e-07,gene_expression
cn_PROCR (10544),1.7172628e-06,-7.4732276e-07,copy_number
rppa_YAP_Caution,1.7169862e-06,-8.477514e-07,rppa
cn_EPCAM (4072),1.7133801e-06,4.4494166e-07,copy_number
SEPTIN5 (5413),1.7025693e-06,4.5583125e-08,gene_expression
KIFC3 (3801),1.6993116e-06,-1.2321752e-07,gene_expression
cn_MIA (8190),1.6987035e-06,5.8899307e-08,copy_number
"PUTATIVE_TARGET_EPHB4, RAF, SRC, ABL",1.6901743e-06,1.6901743e-06,target
cn_PDLIM1 (9124),1.6892226e-06,-1.1515651e-08,copy_number
fp_836,1.6873433e-06,-4.5460968e-07,fingerprint
COL12A1 (1303),1.6859932e-06,2.907815e-07,gene_expression
cn_NLRP2 (55655),1.6844253e-06,-9.649749e-07,copy_number
BST2 (684),1.664905e-06,-2.898617e-07,gene_expression
rppa_GSK3-alpha-beta,1.6496502e-06,-7.771784e-07,rppa
PTPRM (5797),1.648266e-06,1.09555074e-07,gene_expression
cn_RAB31 (11031),1.6405703e-06,1.5671596e-07,copy_number
CTTN (2017),1.6385108e-06,-7.4744304e-07,gene_expression
FABP5 (2171),1.6384275e-06,-3.6346034e-07,gene_expression
target_expr_interaction_KLF5__KLF5 (688),1.6376888e-06,-1.6376888e-06,target_expression_interaction
cn_SMARCA1 (6594),1.6372949e-06,1.219173e-07,copy_number
cn_TUBA1A (7846),1.6345797e-06,1.2932385e-06,copy_number
GSN (2934),1.6332832e-06,2.2310645e-07,gene_expression
CSRP2 (1466),1.6208649e-06,1.3761126e-06,gene_expression
ALPP (250),1.6194005e-06,-4.012626e-07,gene_expression
cn_APOE (348),1.6030982e-06,6.2585066e-08,copy_number
fp_312,1.5988655e-06,1.490664e-06,fingerprint
PUTATIVE_TARGET_flavonoid antioxidant,1.5958777e-06,-1.5958777e-06,target
PHLDA3 (23612),1.5921573e-06,-4.1949062e-07,gene_expression
NRG1 (3084),1.5861016e-06,-3.850888e-07,gene_expression
cn_FOXQ1 (94234),1.5860975e-06,-2.6756735e-08,copy_number
RFTN1 (23180),1.5800662e-06,4.8547184e-07,gene_expression
TCEAL9 (51186),1.575459e-06,8.4623605e-07,gene_expression
CCL2 (6347),1.5691359e-06,-1.2184043e-07,gene_expression
cn_VSIR (64115),1.5581363e-06,8.974881e-08,copy_number
CALB2 (794),1.555541e-06,4.928163e-07,gene_expression
cn_KRT6A (3853),1.5532029e-06,-4.2472817e-07,copy_number
cn_EPDR1 (54749),1.5470301e-06,2.9784761e-08,copy_number
EVI2A (2123),1.5433867e-06,4.0627557e-07,gene_expression
cn_PTPRC (5788),1.5421408e-06,7.2023596e-07,copy_number
BMP7 (655),1.5377844e-06,8.8307026e-08,gene_expression
cn_AUTS2 (26053),1.5281004e-06,1.7924965e-07,copy_number
cn_COL4A2 (1284),1.5258555e-06,1.3303078e-07,copy_number
TUBA1A (7846),1.5176414e-06,-3.8223098e-07,gene_expression
PROCR (10544),1.5163291e-06,-2.3846525e-07,gene_expression
ROBO1 (6091),1.5108225e-06,-2.7997527e-07,gene_expression
MAP1B (4131),1.5042499e-06,2.119764e-07,gene_expression
rppa_p90RSK_pT573_Caution,1.4976537e-06,3.6390034e-08,rppa
rppa_p14 Arf(BetA300-340A)_Caution,1.4973309e-06,-1.1746422e-07,rppa
CLEC11A (6320),1.490018e-06,9.22453e-08,gene_expression
CTSH (1512),1.487711e-06,-3.1539915e-07,gene_expression
NDRG1 (10397),1.4764413e-06,-6.029563e-08,gene_expression
CBS (875),1.475464e-06,9.571727e-07,gene_expression
CD79A (973),1.4739273e-06,3.5356172e-07,gene_expression
KCNMA1 (3778),1.4724513e-06,4.782448e-07,gene_expression
target_token_PIK3CB,1.4673127e-06,-1.3321275e-06,target_multihot
DPYSL3 (1809),1.4631397e-06,-1.8540223e-07,gene_expression
PTPRCAP (5790),1.4563692e-06,-2.3292174e-07,gene_expression
SDC2 (6383),1.4481265e-06,1.4905166e-07,gene_expression
cn_ALDH1A3 (220),1.4463053e-06,3.1071517e-07,copy_number
cn_CDKN2A (1029),1.4414802e-06,3.9268417e-07,copy_number
MDK (4192),1.4337094e-06,1.0132012e-06,gene_expression
cn_RAC2 (5880),1.4308281e-06,3.845177e-07,copy_number
LGALS9 (3965),1.420837e-06,5.832199e-07,gene_expression
RAB13 (5872),1.4102648e-06,3.1323333e-07,gene_expression
FXYD5 (53827),1.4082595e-06,6.340803e-08,gene_expression
cn_CELF2 (10659),1.406038e-06,-1.2374127e-06,copy_number
rppa_PREX1,1.4052094e-06,2.0181761e-07,rppa
rppa_FOXO3a_Caution,1.397647e-06,-6.5584646e-07,rppa
PUTATIVE_TARGET_product of diversity oriented synthesis; screening hit,1.395343e-06,1.395343e-06,target
CLIC3 (9022),1.394062e-06,6.896786e-07,gene_expression
fp_669,1.3940314e-06,1.3470124e-06,fingerprint
NPDC1 (56654),1.3878654e-06,-5.015075e-07,gene_expression
rppa_PEA15,1.3825329e-06,-3.8501295e-09,rppa
cn_SOX2 (6657),1.3789116e-06,4.194951e-08,copy_number
cn_ST14 (6768),1.3746217e-06,-1.6176539e-07,copy_number
ARHGDIB (397),1.3742937e-06,-6.24221e-07,gene_expression
CCDC9B (388115),1.3705112e-06,-1.8545462e-08,gene_expression
CFB (629),1.3682189e-06,1.840498e-07,gene_expression
fp_600,1.3659409e-06,-1.1441151e-06,fingerprint
cn_BCAM (4059),1.359139e-06,-2.9135694e-07,copy_number
SGK1 (6446),1.3590422e-06,1.8165271e-07,gene_expression
MAGEA2B (266740),1.3548868e-06,-4.4901466e-08,gene_expression
cn_COL17A1 (1308),1.3440134e-06,2.0709606e-07,copy_number
SOX2 (6657),1.3437016e-06,-4.1460427e-07,gene_expression
COL4A5 (1287),1.3385375e-06,1.3539032e-07,gene_expression
cn_TACSTD2 (4070),1.3375725e-06,-5.017615e-07,copy_number
cn_CD68 (968),1.3310837e-06,-2.3635207e-07,copy_number
FOXQ1 (94234),1.3284144e-06,1.4355051e-07,gene_expression
cn_LUM (4060),1.3282904e-06,-1.698099e-07,copy_number
cn_IGF2BP2 (10644),1.3246728e-06,1.573754e-07,copy_number
JAG2 (3714),1.3227717e-06,-9.783257e-07,gene_expression
fp_583,1.317213e-06,9.6005e-07,fingerprint
rppa_Rab25,1.3081324e-06,-7.333299e-08,rppa
BMP4 (652),1.3077154e-06,-3.0966257e-07,gene_expression
AIF1L (83543),1.3011263e-06,-5.654106e-08,gene_expression
ME1 (4199),1.2988388e-06,-5.4759152e-08,gene_expression
XAGE1A (653220),1.2982377e-06,-1.1041745e-07,gene_expression
cn_ADIRF (10974),1.2919114e-06,-1.0590086e-07,copy_number
AHNAK (79026),1.2869993e-06,-2.7944478e-07,gene_expression
TNNT1 (7138),1.2868944e-06,1.2743705e-07,gene_expression
fp_6,1.2852993e-06,1.2642977e-06,fingerprint
IL2RG (3561),1.2735188e-06,3.5891975e-07,gene_expression
cn_SFN (2810),1.2665919e-06,-9.285343e-08,copy_number
rppa_Paxillin_Caution,1.2638258e-06,2.566579e-07,rppa
fp_271,1.258496e-06,-1.1879268e-06,fingerprint
cn_TES (26136),1.2571378e-06,9.46677e-09,copy_number
rppa_Bim(CST2933),1.2561824e-06,-1.9556415e-08,rppa
COL3A1 (1281),1.2519617e-06,2.0188035e-07,gene_expression
SERINC2 (347735),1.2475634e-06,-4.356595e-08,gene_expression
F11R (50848),1.2358253e-06,3.631847e-07,gene_expression
SLC6A8 (6535),1.235257e-06,5.8258692e-08,gene_expression
SCG5 (6447),1.2320578e-06,-2.2771644e-07,gene_expression
rppa_p90RSK_Caution,1.2304511e-06,-3.993738e-08,rppa
ATP2A3 (489),1.2299673e-06,6.9118986e-09,gene_expression
NT5E (4907),1.2212229e-06,5.228046e-07,gene_expression
CTSL (1514),1.2205343e-06,4.0123595e-07,gene_expression
LYPD6B (130576),1.2196332e-06,-3.1478814e-07,gene_expression
CREB3L1 (90993),1.211133e-06,5.0202175e-08,gene_expression
fp_797,1.2110788e-06,-8.5698724e-07,fingerprint
PDGFC (56034),1.203755e-06,-3.3644433e-08,gene_expression
cn_IFI27 (3429),1.2019748e-06,-5.8706803e-07,copy_number
FOLR1 (2348),1.1949402e-06,-1.18376356e-07,gene_expression
rppa_Src,1.192454e-06,5.8439927e-08,rppa
rppa_Chk2_pT68_Caution,1.192227e-06,6.36359e-08,rppa
rppa_NF-kB-p65_pS536_Caution,1.1914169e-06,-1.07788054e-07,rppa
cn_RHOH (399),1.1904845e-06,-7.3004946e-07,copy_number
SLPI (6590),1.1883201e-06,3.2424314e-08,gene_expression
RCN3 (57333),1.184539e-06,-3.7801513e-07,gene_expression
TNFRSF21 (27242),1.183462e-06,5.962191e-08,gene_expression
WLS (79971),1.1808494e-06,2.1128739e-10,gene_expression
fp_994,1.1789351e-06,-1.1294632e-06,fingerprint
cn_CPVL (54504),1.1788416e-06,1.1357242e-09,copy_number
cn_PROM2 (150696),1.1753827e-06,-5.1152927e-07,copy_number
GSTM1 (2944),1.1745477e-06,3.6841536e-07,gene_expression
MMP2 (4313),1.1697124e-06,1.9674232e-07,gene_expression
PTGFRN (5738),1.1689355e-06,1.0562691e-07,gene_expression
cn_PLOD2 (5352),1.1677665e-06,1.5320822e-07,copy_number
rppa_ER-alpha,1.1602785e-06,5.47715e-08,rppa
rppa_P-Cadherin_Caution,1.1418944e-06,2.0990858e-07,rppa
B3GNT3 (10331),1.1410913e-06,-2.801141e-07,gene_expression
SLC2A3 (6515),1.137574e-06,1.606176e-07,gene_expression
SLAIN1 (122060),1.1354394e-06,-2.3354289e-07,gene_expression
F3 (2152),1.1278007e-06,1.6093657e-07,gene_expression
rppa_JAK2,1.1261732e-06,-2.1865661e-07,rppa
rppa_PDCD4_Caution,1.1238806e-06,-1.4906538e-08,rppa
CLDN7 (1366),1.1218059e-06,-3.9038116e-07,gene_expression
fp_872,1.120158e-06,5.4865785e-07,fingerprint
cn_SIRPA (140885),1.119639e-06,1.7786927e-08,copy_number
cn_EMP3 (2014),1.1184577e-06,9.5314086e-08,copy_number
STEAP1 (26872),1.1124002e-06,-2.0412628e-08,gene_expression
CELF2 (10659),1.1119812e-06,-5.0207154e-09,gene_expression
LCP1 (3936),1.110403e-06,4.324037e-07,gene_expression
rppa_p38 alpha MAPK,1.1082124e-06,5.8613597e-07,rppa
fp_943,1.1072518e-06,1.0589079e-06,fingerprint
rppa_MYH11,1.1059454e-06,-2.2102981e-07,rppa
SCNN1A (6337),1.101219e-06,-2.0197314e-08,gene_expression
NRN1 (51299),1.0987043e-06,-3.7770347e-09,gene_expression
cn_IL2RG (3561),1.0974135e-06,-1.666778e-07,copy_number
mut_MAP1A,1.0932949e-06,1.1286287e-08,mutation
WNT7B (7477),1.0932506e-06,-7.834326e-08,gene_expression
cn_POSTN (10631),1.0862518e-06,7.278299e-07,copy_number
LSP1 (4046),1.0857949e-06,3.6049317e-07,gene_expression
FGFR4 (2264),1.08555e-06,-1.3063332e-07,gene_expression
AMIGO2 (347902),1.0850063e-06,-7.619098e-08,gene_expression
cn_PRSS21 (10942),1.0829364e-06,2.2649438e-07,copy_number
PTPRF (5792),1.0794809e-06,3.0389893e-07,gene_expression
cn_CD52 (1043),1.0785137e-06,7.401403e-07,copy_number
cn_EPN3 (55040),1.0782697e-06,9.135158e-08,copy_number
cn_MARCKS (4082),1.069712e-06,4.2374236e-07,copy_number
CD82 (3732),1.0674629e-06,9.411932e-08,gene_expression
cn_MLPH (79083),1.0620861e-06,-2.9971996e-08,copy_number
GAL (51083),1.0610617e-06,-3.7212865e-07,gene_expression
FBLIM1 (54751),1.0554539e-06,-3.9228368e-07,gene_expression
cn_P3H2 (55214),1.0552109e-06,-1.836593e-08,copy_number
cn_TUBA4A (7277),1.0491424e-06,7.792322e-08,copy_number
SFN (2810),1.0481649e-06,4.2922403e-07,gene_expression
C1S (716),1.04703e-06,-4.4619705e-07,gene_expression
TACSTD2 (4070),1.0454914e-06,-7.355164e-07,gene_expression
TGFB1I1 (7041),1.0311827e-06,8.533779e-08,gene_expression
fp_633,1.0258399e-06,-8.3803343e-07,fingerprint
CSAG1 (158511),1.0252535e-06,9.2839236e-10,gene_expression
IRF4 (3662),1.0241865e-06,2.039702e-08,gene_expression
MAGEA2 (4101),1.0207671e-06,-7.3866477e-07,gene_expression
cn_NTN4 (59277),1.017825e-06,-1.2843577e-07,copy_number
PKP2 (5318),1.0149369e-06,-5.7543488e-08,gene_expression
PTHLH (5744),1.0139869e-06,4.571846e-08,gene_expression
cn_GAS6 (2621),1.0115552e-06,-2.224686e-08,copy_number
EHD2 (30846),1.0097997e-06,-1.2527285e-07,gene_expression
TUSC3 (7991),1.0066613e-06,1.0540796e-07,gene_expression
cn_CXCL16 (58191),1.0031818e-06,-4.3204992e-07,copy_number
ANKRD1 (27063),9.95941e-07,3.56073e-07,gene_expression
cn_CSAG1 (158511),9.939832e-07,9.858979e-08,copy_number
AP1M2 (10053),9.932252e-07,-1.4175423e-07,gene_expression
TRPV2 (51393),9.928091e-07,-8.174779e-08,gene_expression
HOXB2 (3212),9.874823e-07,-3.3985492e-07,gene_expression
cn_PLK2 (10769),9.84897e-07,-8.9709076e-08,copy_number
COL7A1 (1294),9.805316e-07,3.541306e-07,gene_expression
PI3 (5266),9.79913e-07,-3.9315573e-08,gene_expression
rppa_PTEN,9.77788e-07,1.2613953e-07,rppa
THY1 (7070),9.75408e-07,-1.2829427e-07,gene_expression
CD22 (933),9.745742e-07,2.2191604e-07,gene_expression
KRT8 (3856),9.716074e-07,8.659622e-08,gene_expression
COL17A1 (1308),9.694885e-07,4.0739005e-07,gene_expression
LUM (4060),9.663584e-07,-4.221497e-07,gene_expression
MUC13 (56667),9.578201e-07,8.903523e-08,gene_expression
cn_MAGEA12 (4111),9.55957e-07,6.5451675e-09,copy_number
CAPG (822),9.555289e-07,-4.4956622e-07,gene_expression
fp_710,9.541674e-07,5.6453763e-07,fingerprint
GALNT3 (2591),9.528176e-07,-2.7120643e-07,gene_expression
fp_577,9.518437e-07,9.0566607e-07,fingerprint
cn_NRP2 (8828),9.4581014e-07,-8.725589e-07,copy_number
cn_NRCAM (4897),9.4529145e-07,6.5620355e-08,copy_number
cn_ECM1 (1893),9.418567e-07,-7.8689607e-07,copy_number
HLA-A (3105),9.414693e-07,-1.08357334e-07,gene_expression
CXCL5 (6374),9.3984306e-07,-4.295174e-07,gene_expression
rppa_N-Cadherin,9.381976e-07,-7.4334025e-08,rppa
cn_BAMBI (25805),9.339402e-07,-2.2729981e-07,copy_number
ANO1 (55107),9.3244887e-07,1.5575925e-07,gene_expression
KIF1A (547),9.28188e-07,-2.0053928e-07,gene_expression
cn_ROBO1 (6091),9.2363837e-07,-1.7066296e-07,copy_number
cn_SPARC (6678),9.2318504e-07,2.8592394e-08,copy_number
APP (351),9.222781e-07,-1.9293107e-07,gene_expression
ANPEP (290),9.197274e-07,-9.865783e-08,gene_expression
fp_56,9.1894873e-07,7.0146547e-07,fingerprint
TUBA4A (7277),9.1756004e-07,-5.7712246e-08,gene_expression
rppa_MDM2_pS166,9.1471384e-07,-1.07036286e-07,rppa
cn_OSMR (9180),9.125389e-07,-8.5769525e-09,copy_number
HOXA9 (3205),9.1207363e-07,-4.9309136e-08,gene_expression
GPX7 (2882),9.049011e-07,9.7594835e-08,gene_expression
TUBB2B (347733),9.022063e-07,2.0588448e-07,gene_expression
cn_LEF1 (51176),8.9879455e-07,-2.1676375e-07,copy_number
rppa_Bim(EP1036),8.9850164e-07,-8.2043755e-08,rppa
BASP1 (10409),8.933286e-07,-2.689909e-07,gene_expression
INPP5D (3635),8.891069e-07,1.9710464e-07,gene_expression
FBLN1 (2192),8.8768627e-07,4.13845e-07,gene_expression
SCARA3 (51435),8.863543e-07,-1.327749e-07,gene_expression
cn_PLIN2 (123),8.859088e-07,-4.7124725e-08,copy_number
ASS1 (445),8.8288414e-07,-7.441917e-08,gene_expression
cn_SGK1 (6446),8.784609e-07,1.4886098e-07,copy_number
FSCN1 (6624),8.728211e-07,-9.6256386e-08,gene_expression
DHRS3 (9249),8.653887e-07,4.1682407e-07,gene_expression
ID1 (3397),8.620113e-07,1.1272497e-07,gene_expression
target_token_ALK,8.581816e-07,2.897145e-07,target_multihot
cn_KCNMA1 (3778),8.533241e-07,-3.1903788e-09,copy_number
AREG (374),8.525823e-07,9.668339e-08,gene_expression
cn_TM4SF18 (116441),8.5020514e-07,-4.5574387e-07,copy_number
COL9A3 (1299),8.496297e-07,2.1821542e-07,gene_expression
GRHL2 (79977),8.492001e-07,-4.0860354e-07,gene_expression
cn_ECHDC2 (55268),8.4916803e-07,-6.183485e-08,copy_number
AQP3 (360),8.4899625e-07,-2.4374367e-07,gene_expression
FGFR2 (2263),8.4890104e-07,3.2377987e-08,gene_expression
fp_806,8.424703e-07,-3.0273327e-07,fingerprint
ADGRF1 (266977),8.4231226e-07,-3.963387e-08,gene_expression
rppa_Ku80_Caution,8.4186325e-07,-1.7430042e-07,rppa
OLR1 (4973),8.4079915e-07,2.1675588e-07,gene_expression
KRT23 (25984),8.3979944e-07,-1.5034426e-07,gene_expression
RTL8C (8933),8.355541e-07,2.741828e-07,gene_expression
rppa_INPP4B,8.2866023e-07,-1.6131438e-07,rppa
cn_UPK3B (105375355),8.276491e-07,1.6257063e-08,copy_number
cn_FGFR1 (2260),8.2697267e-07,2.6452162e-07,copy_number
cn_TCF4 (6925),8.234067e-07,-9.780445e-08,copy_number
MT2A (4502),8.215213e-07,-4.4228432e-07,gene_expression
TFPI (7035),8.1808776e-07,-2.8365669e-08,gene_expression
mut_XIRP2,8.169304e-07,-3.970225e-09,mutation
cn_CRIP2 (1397),8.1541464e-07,-1.1421819e-07,copy_number
cn_TNFRSF12A (51330),8.11022e-07,3.2883827e-07,copy_number
LY6E (4061),8.1047125e-07,2.0926745e-07,gene_expression
TMC8 (147138),8.104511e-07,-1.7122466e-07,gene_expression
GPC1 (2817),8.066345e-07,1.1800817e-07,gene_expression
GREM1 (26585),8.05323e-07,-7.009965e-08,gene_expression
cn_INPP5D (3635),8.031372e-07,-6.7511905e-08,copy_number
ADIRF (10974),8.0140194e-07,2.7434797e-07,gene_expression
mut_CSMD3,8.012752e-07,-3.2373297e-08,mutation
TC2N (123036),7.996425e-07,-1.980579e-08,gene_expression
HENMT1 (113802),7.995353e-07,-9.5215064e-08,gene_expression
cn_NREP (9315),7.973717e-07,-1.2745407e-07,copy_number
TMC4 (147798),7.9718444e-07,-1.9709792e-07,gene_expression
cn_SPART (23111),7.944724e-07,2.0767361e-08,copy_number
TXNIP (10628),7.9218125e-07,7.681505e-09,gene_expression
SFRP1 (6422),7.908281e-07,6.650429e-08,gene_expression
rppa_HER2,7.8919595e-07,-2.1761976e-07,rppa
cn_VCAN (1462),7.887141e-07,3.1903713e-08,copy_number
cn_NNMT (4837),7.876824e-07,-3.9355386e-09,copy_number
LOXL1 (4016),7.8572094e-07,1.17538136e-07,gene_expression
cn_AIF1 (199),7.8520776e-07,-5.36361e-08,copy_number
ANXA8L1 (728113),7.8174406e-07,4.491258e-07,gene_expression
UCHL1 (7345),7.72607e-07,-6.2518716e-08,gene_expression
cn_PI3 (5266),7.7151503e-07,1.3325271e-07,copy_number
rppa_14-3-3_zeta,7.703175e-07,-4.7693142e-08,rppa
LGALS3BP (3959),7.6979956e-07,-2.4112373e-08,gene_expression
CSAG3 (389903),7.6712104e-07,-2.4482975e-07,gene_expression
cn_PLAU (5328),7.6705277e-07,-1.867674e-07,copy_number
cn_LAMB2 (3913),7.5994996e-07,-6.348839e-08,copy_number
cn_EFNA1 (1942),7.5858753e-07,-5.0942784e-08,copy_number
GPSM3 (63940),7.5850375e-07,-2.3532432e-07,gene_expression
PTX3 (5806),7.5743975e-07,1.8257188e-07,gene_expression
CCDC80 (151887),7.574182e-07,-1.1017815e-07,gene_expression
cn_AQP3 (360),7.537828e-07,1.5200182e-08,copy_number
cn_GNG11 (2791),7.5061956e-07,7.98752e-08,copy_number
RPL39L (116832),7.46584e-07,2.0182678e-07,gene_expression
ALOX5AP (241),7.444378e-07,5.6081437e-09,gene_expression
SNCA (6622),7.4407285e-07,-8.7680505e-08,gene_expression
EREG (2069),7.434516e-07,2.542718e-07,gene_expression
cn_MFNG (4242),7.4027025e-07,2.2310265e-07,copy_number
ID4 (3400),7.347684e-07,7.155082e-08,gene_expression
cn_RGL3 (57139),7.343672e-07,-3.8855028e-08,copy_number
cn_AMIGO2 (347902),7.2826026e-07,1.6976023e-07,copy_number
rppa_p27_pT198,7.2235264e-07,-1.14967946e-07,rppa
cn_PCSK9 (255738),7.2145065e-07,-7.202879e-08,copy_number
cn_ACSL5 (51703),7.2119303e-07,6.652067e-08,copy_number
OLFM1 (10439),7.18772e-07,-1.3020431e-07,gene_expression
cn_TP63 (8626),7.1099345e-07,-3.1039602e-09,copy_number
rppa_PEA15_pS116,7.0972004e-07,-9.66599e-08,rppa
cn_LAD1 (3898),7.0684234e-07,-1.1742961e-07,copy_number
PLBD1 (79887),7.044836e-07,3.494939e-07,gene_expression
rppa_PR,7.015481e-07,-1.3961402e-07,rppa
cn_NPDC1 (56654),7.0049487e-07,-6.534527e-08,copy_number
cn_ATP2A3 (489),6.9803383e-07,-4.3581383e-07,copy_number
cn_SGCE (8910),6.968995e-07,1.70898e-08,copy_number
cn_CPNE7 (27132),6.968752e-07,-2.1532271e-07,copy_number
TCIM (56892),6.94779e-07,-1.0511825e-07,gene_expression
COL1A1 (1277),6.923597e-07,3.3053835e-09,gene_expression
fp_299,6.900924e-07,-6.169161e-07,fingerprint
cn_LGALS3 (3958),6.8611257e-07,-1.683229e-08,copy_number
cn_SERPINB5 (5268),6.8548036e-07,-8.723864e-08,copy_number
SRGN (5552),6.847404e-07,-1.3001292e-07,gene_expression
rppa_PRAS40_pT246,6.8445746e-07,-5.1678075e-08,rppa
rppa_Smad4,6.8378995e-07,-1.6871768e-07,rppa
RAB32 (10981),6.8211926e-07,8.9638114e-08,gene_expression
cn_ADM (133),6.817149e-07,3.3756216e-08,copy_number
cn_ITGA4 (3676),6.811804e-07,6.043551e-08,copy_number
WFDC2 (10406),6.765672e-07,-8.301857e-08,gene_expression
rppa_PAI-1,6.724146e-07,7.681447e-08,rppa
cn_SRGN (5552),6.7079895e-07,4.4569944e-08,copy_number
AKT3 (10000),6.6596084e-07,4.762783e-08,gene_expression
cn_GPX3 (2878),6.6528634e-07,1.9082347e-07,copy_number
cn_EPB41L3 (23136),6.650692e-07,-5.474444e-08,copy_number
cn_RAB38 (23682),6.640714e-07,-7.043225e-08,copy_number
NES (10763),6.604815e-07,1.1940013e-07,gene_expression
CYP1B1 (1545),6.588182e-07,-1.11620544e-07,gene_expression
cn_SLC7A8 (23428),6.5568247e-07,-9.395658e-08,copy_number
cn_SCG5 (6447),6.547686e-07,2.0953892e-09,copy_number
cn_SNCG (6623),6.5144815e-07,3.9752447e-08,copy_number
cn_PCOLCE (5118),6.4922665e-07,-4.0979105e-09,copy_number
CLDN1 (9076),6.45414e-07,5.5822262e-08,gene_expression
LAMB1 (3912),6.452867e-07,-6.235535e-08,gene_expression
IFI27 (3429),6.407748e-07,-3.83506e-08,gene_expression
CAPN2 (824),6.4056695e-07,1.5155406e-07,gene_expression
cn_ZNF677 (342926),6.4012835e-07,3.5271157e-08,copy_number
SYK (6850),6.39719e-07,1.2825326e-07,gene_expression
IFITM2 (10581),6.3699383e-07,2.4808816e-07,gene_expression
cn_ADGRL2 (23266),6.360699e-07,-3.0148573e-07,copy_number
MZB1 (51237),6.350811e-07,-7.9528625e-08,gene_expression
PKDCC (91461),6.34827e-07,8.1629906e-08,gene_expression
cn_TMEM125 (128218),6.327443e-07,2.6093844e-07,copy_number
cn_ISG15 (9636),6.2901165e-07,5.0653956e-08,copy_number
SCRN1 (9805),6.273265e-07,-2.5319179e-07,gene_expression
rppa_GSK-3-BETA_Caution,6.2700923e-07,1.3267076e-07,rppa
POU2AF1 (5450),6.2310374e-07,-7.136668e-08,gene_expression
DNER (92737),6.220376e-07,-6.265092e-08,gene_expression
KIRREL1 (55243),6.2077936e-07,-1.4577041e-07,gene_expression
PLAUR (5329),6.204617e-07,-8.4398145e-08,gene_expression
SAA1 (6288),6.198809e-07,3.8492022e-08,gene_expression
cn_SERPINE2 (5270),6.166756e-07,-3.69227e-08,copy_number
cn_VIM (7431),6.1631295e-07,-2.8040213e-07,copy_number
cn_SELENOM (140606),6.1424254e-07,-4.6315685e-09,copy_number
CRIP1 (1396),6.142099e-07,3.5964884e-08,gene_expression
cn_LMCD1 (29995),6.0862175e-07,1.2293043e-07,copy_number
fp_908,6.0827756e-07,5.908871e-07,fingerprint
cn_ELF3 (1999),6.081866e-07,1.5453395e-07,copy_number
PLPP2 (8612),6.0740354e-07,-1.103441e-08,gene_expression
DDR2 (4921),6.0590844e-07,-1.5710675e-07,gene_expression
rppa_Myosin IIa pS1943,6.053892e-07,-1.9422978e-07,rppa
rppa_Caveolin-1,6.0450753e-07,-1.1450453e-07,rppa
TCF4 (6925),6.0423935e-07,6.0369847e-09,gene_expression
cn_AIF1L (83543),6.0382393e-07,-5.7393237e-08,copy_number
cn_SEMA3A (10371),6.017836e-07,1.1638248e-09,copy_number
rppa_GSK3_pS9,6.001765e-07,-1.2826578e-07,rppa
CPVL (54504),5.9718764e-07,4.1539728e-08,gene_expression
LAMA5 (3911),5.968635e-07,4.450431e-07,gene_expression
cn_HLA-C (3107),5.9597835e-07,2.035772e-07,copy_number
PAGE5 (90737),5.959237e-07,1.3939892e-07,gene_expression
rppa_Notch1,5.9527787e-07,7.225209e-09,rppa
FERMT2 (10979),5.9414646e-07,-7.079665e-09,gene_expression
cn_GTSF1 (121355),5.915393e-07,2.8292696e-08,copy_number
FCGRT (2217),5.911685e-07,-5.77731e-08,gene_expression
APOE (348),5.903202e-07,-1.07150704e-07,gene_expression
rppa_mTOR,5.899587e-07,6.7414554e-08,rppa
cn_NUP210 (23225),5.892317e-07,1.5771806e-07,copy_number
MFGE8 (4240),5.8873206e-07,-2.3892651e-08,gene_expression
cn_NPNT (255743),5.8828823e-07,1.1300286e-07,copy_number
cn_MST1R (4486),5.857791e-07,1.0583303e-07,copy_number
rppa_Smad1,5.8399263e-07,3.1214654e-08,rppa
rppa_Src_pY527,5.8244916e-07,-5.756305e-08,rppa
EPB41L3 (23136),5.817306e-07,1.0166909e-07,gene_expression
mut_LAMA2,5.807467e-07,-4.299199e-07,mutation
ACSL5 (51703),5.7940343e-07,1.6637908e-07,gene_expression
cn_SCARA3 (51435),5.7793744e-07,3.9057878e-07,copy_number
cn_GLDC (2731),5.755889e-07,2.3495804e-08,copy_number
SPATS2L (26010),5.743204e-07,-1.3381273e-07,gene_expression
QPCT (25797),5.721884e-07,2.9588277e-08,gene_expression
cn_ADAP1 (11033),5.720917e-07,7.3053435e-08,copy_number
fp_936,5.703967e-07,5.5156215e-07,fingerprint
cn_CCN2 (1490),5.696637e-07,1.7399913e-07,copy_number
KLK6 (5653),5.695646e-07,3.4817642e-08,gene_expression
cn_CD53 (963),5.68776e-07,1.2869241e-08,copy_number
cn_KLF5 (688),5.669122e-07,1.6593473e-09,copy_number
BIRC3 (330),5.640646e-07,-1.3111135e-07,gene_expression
MYADM (91663),5.6280004e-07,1.1247859e-07,gene_expression
ADGRL2 (23266),5.627507e-07,1.7378825e-07,gene_expression
LHFPL6 (10186),5.6075055e-07,-1.2479845e-07,gene_expression
cn_SLC6A15 (55117),5.5906037e-07,-3.1704738e-07,copy_number
TMEM125 (128218),5.560674e-07,-2.1974627e-07,gene_expression
cn_MYO1B (4430),5.5596695e-07,1.277487e-08,copy_number
cn_AKR1B10 (57016),5.5578715e-07,4.2470123e-08,copy_number
cn_GRB7 (2886),5.557503e-07,1.9340405e-07,copy_number
cn_H1-0 (3005),5.542705e-07,4.4853692e-08,copy_number
GNG2 (54331),5.537773e-07,1.940701e-08,gene_expression
rppa_p70S6K_pT389,5.535738e-07,1.8473942e-07,rppa
cn_LSP1 (4046),5.5337136e-07,1.7010467e-07,copy_number
cn_GSTM3 (2947),5.530675e-07,-4.006147e-07,copy_number
rppa_eIF4G_Caution,5.49587e-07,-9.497427e-08,rppa
PUTATIVE_TARGET_FAAH,5.4605425e-07,-2.67849e-07,target
cn_TNC (3371),5.4237523e-07,4.564624e-08,copy_number
AKR1B10 (57016),5.386718e-07,8.055738e-08,gene_expression
cn_CD40 (958),5.3855405e-07,-2.6219462e-09,copy_number
ID3 (3399),5.377391e-07,-1.3721954e-07,gene_expression
C6orf141 (135398),5.370214e-07,4.0317857e-08,gene_expression
SERPINB1 (1992),5.368736e-07,4.778751e-08,gene_expression
cn_CD24 (100133941),5.365142e-07,1.6257512e-07,copy_number
cn_LAPTM4B (55353),5.339139e-07,6.488962e-08,copy_number
cn_EDIL3 (10085),5.336314e-07,-4.8418013e-08,copy_number
cn_TCIM (56892),5.3020887e-07,7.308096e-08,copy_number
cn_IGFBP4 (3487),5.300714e-07,1.1649632e-07,copy_number
rppa_B-Raf_pS445,5.2742087e-07,-6.521769e-08,rppa
RAB25 (57111),5.2732236e-07,3.0084493e-08,gene_expression
cn_JCHAIN (3512),5.258491e-07,3.3021e-08,copy_number
KITLG (4254),5.241221e-07,8.4250466e-08,gene_expression
rppa_FRA1_Caution,5.2371706e-07,-2.0135204e-07,rppa
CD52 (1043),5.2365993e-07,-4.6137632e-08,gene_expression
rppa_Cyclin_B1,5.232411e-07,2.1204931e-09,rppa
TGFBI (7045),5.2301476e-07,-9.4957734e-08,gene_expression
cn_P3H3 (10536),5.226282e-07,2.3511743e-07,copy_number
CASP1 (834),5.2160993e-07,1.3866963e-07,gene_expression
cn_NRP1 (8829),5.2098943e-07,-6.778394e-08,copy_number
cn_LGALS1 (3956),5.168498e-07,4.1152376e-08,copy_number
cn_PTPRM (5797),5.1665006e-07,2.77604e-08,copy_number
L1CAM (3897),5.1621356e-07,-2.9475652e-07,gene_expression
cn_GALNT14 (79623),5.1601626e-07,7.3216995e-08,copy_number
rppa_STAT5-alpha,5.1538467e-07,4.604875e-08,rppa
cn_COL1A1 (1277),5.1369153e-07,-3.595966e-08,copy_number
fp_149,5.121062e-07,1.11995966e-07,fingerprint
cn_ELMO1 (9844),5.10794e-07,-3.2485946e-08,copy_number
EFEMP1 (2202),5.106302e-07,6.6642315e-08,gene_expression
cn_EMP1 (2012),5.097268e-07,8.395613e-08,copy_number
ELF3 (1999),5.0905396e-07,5.196047e-08,gene_expression
cn_MME (4311),5.0857824e-07,-8.370382e-08,copy_number
LPAR1 (1902),5.0633315e-07,2.6537685e-07,gene_expression
ALDH1A1 (216),5.059877e-07,8.818223e-08,gene_expression
LAPTM4B (55353),5.0558214e-07,-2.4247944e-07,gene_expression
cn_MFAP2 (4237),5.038391e-07,2.5925743e-08,copy_number
COL11A1 (1301),5.038137e-07,-1.8583115e-08,gene_expression
cn_VEGFC (7424),4.9993116e-07,-3.230979e-07,copy_number
cn_LBH (81606),4.989344e-07,-5.0617196e-08,copy_number
cn_SLAIN1 (122060),4.970354e-07,1.6386817e-08,copy_number
cn_BEX3 (27018),4.9389047e-07,-2.3442986e-08,copy_number
NID1 (4811),4.9355293e-07,9.439109e-09,gene_expression
THBS2 (7058),4.9170654e-07,1.4884614e-07,gene_expression
SAA2 (6289),4.8963767e-07,2.6764459e-08,gene_expression
cn_PLPP2 (8612),4.8806453e-07,7.47295e-08,copy_number
rppa_ADAR1,4.8619466e-07,1.654036e-08,rppa
rppa_VHL_Caution,4.8506826e-07,-3.6087346e-08,rppa
cn_DOCK2 (1794),4.8481303e-07,4.687131e-08,copy_number
cn_FOSB (2354),4.807909e-07,-6.316237e-08,copy_number
cn_THBS1 (7057),4.7959037e-07,1.5132917e-07,copy_number
rppa_YB-1_pS102,4.770718e-07,9.2779864e-08,rppa
rppa_p21,4.75497e-07,-5.584251e-08,rppa
cn_SULF1 (23213),4.754912e-07,-2.0422418e-07,copy_number
rppa_B-Raf_Caution,4.7545174e-07,-7.304958e-08,rppa
rppa_ACVRL1_Caution,4.740728e-07,5.4219534e-08,rppa
cn_BIRC3 (330),4.7292843e-07,-2.9197283e-08,copy_number
cn_CPA4 (51200),4.722495e-07,4.633202e-08,copy_number
JAM3 (83700),4.7106715e-07,1.6397229e-07,gene_expression
TUBB3 (10381),4.6896767e-07,-1.6948617e-07,gene_expression
cn_DDX3Y (8653),4.662579e-07,-2.306718e-08,copy_number
fp_318,4.6566564e-07,-3.3478813e-08,fingerprint
cn_HLA-DPA1 (3113),4.6535277e-07,1.05627116e-07,copy_number
rppa_p38_MAPK,4.6521706e-07,-8.4983126e-10,rppa
cn_ID2 (3398),4.651241e-07,1.1943355e-08,copy_number
cn_LIPG (9388),4.641655e-07,7.075765e-08,copy_number
cn_ITGB2 (3689),4.6140423e-07,1.7944039e-07,copy_number
HLA-DMB (3109),4.5938538e-07,1.4047092e-09,gene_expression
LMNA (4000),4.5839386e-07,8.921139e-08,gene_expression
cn_PEG10 (23089),4.5788823e-07,4.4894005e-08,copy_number
cn_LAMB1 (3912),4.5777134e-07,-1.9092603e-08,copy_number
TFPI2 (7980),4.5773896e-07,5.7008975e-08,gene_expression
SLC43A3 (29015),4.5727123e-07,2.4925306e-08,gene_expression
rppa_Chk1_pS345_Caution,4.5486772e-07,-2.7397283e-08,rppa
MCAM (4162),4.5464287e-07,2.982643e-08,gene_expression
fusion_AC067959.1--RP11-83B6.1,4.5292566e-07,2.7689973e-07,fusion
COL4A2 (1284),4.495157e-07,-1.6038635e-07,gene_expression
mut_APC,4.4829042e-07,2.3183029e-08,mutation
rppa_GAPDH_Caution,4.474676e-07,5.965024e-08,rppa
EGR1 (1958),4.4567034e-07,5.252464e-08,gene_expression
NMU (10874),4.4550185e-07,-4.1192447e-08,gene_expression
cn_TIMP1 (7076),4.447034e-07,5.1650657e-09,copy_number
CPE (1363),4.445597e-07,1.240254e-07,gene_expression
cn_IRF8 (3394),4.4441316e-07,-2.4592535e-07,copy_number
cn_HEG1 (57493),4.4379377e-07,9.160362e-08,copy_number
cn_ME1 (4199),4.436976e-07,-2.0425261e-07,copy_number
cn_MDFI (4188),4.4360078e-07,7.672509e-08,copy_number
cn_FXYD5 (53827),4.4346066e-07,2.8945757e-09,copy_number
cn_ESRP2 (80004),4.4166956e-07,-4.9864344e-08,copy_number
cn_TCL1A (8115),4.4082404e-07,-3.219054e-08,copy_number
TENM3 (55714),4.4054266e-07,4.635561e-08,gene_expression
cn_MAP4K1 (11184),4.4041076e-07,5.4868046e-08,copy_number
mut_MYO18B,4.3842198e-07,7.1325372e-09,mutation
cn_UCHL1 (7345),4.3609268e-07,3.112767e-07,copy_number
cn_FAT1 (2195),4.355367e-07,1.5548216e-07,copy_number
H1-0 (3005),4.3428216e-07,1.7694619e-08,gene_expression
SPINT1 (6692),4.3253544e-07,1.4888535e-08,gene_expression
TMEM98 (26022),4.3058958e-07,-2.678524e-08,gene_expression
cn_LYZ (4069),4.2826585e-07,-1.6645303e-09,copy_number
cn_WNT7B (7477),4.2625467e-07,6.1333346e-08,copy_number
OncotreeLineage_Pancreas,4.2604705e-07,-8.49697e-08,tissue
cn_MX1 (4599),4.2582198e-07,9.281565e-08,copy_number
cn_MMP7 (4316),4.2277418e-07,-4.3347896e-08,copy_number
cn_CD74 (972),4.2149523e-07,-6.099089e-08,copy_number
cn_BCAT1 (586),4.206942e-07,1.7364526e-08,copy_number
cn_MYEF2 (50804),4.1784767e-07,1.0509625e-07,copy_number
cn_CXCL8 (3576),4.1770667e-07,9.131181e-08,copy_number
cn_NRG1 (3084),4.172081e-07,-1.7500047e-07,copy_number
GSTM2 (2946),4.167985e-07,-4.8019984e-08,gene_expression
ZEB2 (9839),4.1623187e-07,-8.313151e-08,gene_expression
cn_PSMB8 (5696),4.1561702e-07,-9.467682e-09,copy_number
rppa_Raptor,4.1339445e-07,-6.238422e-08,rppa
cn_KRT81 (3887),4.1261683e-07,1.2214899e-07,copy_number
cn_ANXA3 (306),4.119323e-07,-2.2509404e-08,copy_number
cn_CAV2 (858),4.1028707e-07,5.4098873e-08,copy_number
DLC1 (10395),4.0935876e-07,-4.233649e-08,gene_expression
cn_TSPAN13 (27075),4.078219e-07,5.541329e-09,copy_number
rppa_eEF2_Caution,4.0721312e-07,9.219871e-08,rppa
cn_TAGLN (6876),4.06351e-07,6.783823e-08,copy_number
KRT80 (144501),4.051798e-07,-3.082215e-07,gene_expression
cn_PAGE5 (90737),4.047929e-07,-7.80572e-08,copy_number
cn_GDF15 (9518),4.0470633e-07,-2.6767728e-08,copy_number
cn_VAMP8 (8673),4.017601e-07,-9.15e-09,copy_number
IL1B (3553),4.0095503e-07,1.866481e-09,gene_expression
cn_STING1 (340061),3.980278e-07,-4.8614837e-08,copy_number
cn_KRT16 (3868),3.9693046e-07,5.1069524e-08,copy_number
cn_INA (9118),3.9647716e-07,-3.749922e-09,copy_number
cn_MAGEA4 (4103),3.9614298e-07,1.4128719e-07,copy_number
HLA-DRB1 (3123),3.9526728e-07,-9.6437425e-08,gene_expression
PLIN2 (123),3.9521106e-07,8.8416215e-08,gene_expression
cn_STOM (2040),3.936471e-07,3.784864e-08,copy_number
rppa_STAT3_pY705,3.92519e-07,8.521396e-09,rppa
CDH13 (1012),3.908047e-07,-3.0324077e-07,gene_expression
cn_PLBD1 (79887),3.8907115e-07,-7.683049e-08,copy_number
cn_TENM3 (55714),3.8805484e-07,9.349237e-08,copy_number
cn_LCN2 (3934),3.8751185e-07,2.0036113e-08,copy_number
rppa_53BP1,3.8247143e-07,1.2238586e-07,rppa
cn_SLC40A1 (30061),3.8037987e-07,6.2177484e-08,copy_number
SERPINH1 (871),3.8005626e-07,1.4117319e-08,gene_expression
cn_S100A1 (6271),3.8004842e-07,-4.5877083e-08,copy_number
PSMB9 (5698),3.7945625e-07,-7.412495e-08,gene_expression
rppa_TFRC,3.7880082e-07,-2.638636e-07,rppa
rppa_C-Raf(BD610151)_Caution,3.7792407e-07,3.2940147e-08,rppa
CLDN11 (5010),3.778567e-07,6.0082272e-09,gene_expression
cn_AKR1C1 (1645),3.7684353e-07,-9.138576e-09,copy_number
cn_MET (4233),3.7578965e-07,-7.626702e-08,copy_number
mut_ZNF257,3.7524399e-07,-2.1590235e-07,mutation
cn_IFI6 (2537),3.7466646e-07,-8.218005e-08,copy_number
OncotreeLineage_Myeloid,3.726168e-07,-5.0831432e-09,tissue
cn_TMSB15A (11013),3.7217754e-07,5.630558e-09,copy_number
CLEC2B (9976),3.7161638e-07,6.490254e-09,gene_expression
cn_MGP (4256),3.7099932e-07,-3.6112993e-08,copy_number
LIPG (9388),3.7077214e-07,2.78014e-10,gene_expression
cn_TSPAN7 (7102),3.6979296e-07,-1.0546901e-08,copy_number
cn_KRT18 (3875),3.6878865e-07,-8.984247e-08,copy_number
OncotreeLineage_Breast,3.673923e-07,-1.9188674e-08,tissue
ANTXR1 (84168),3.645872e-07,-3.4782662e-08,gene_expression
mut_SZT2,3.640575e-07,3.3411318e-08,mutation
cn_PYCARD (29108),3.6389227e-07,6.1940355e-08,copy_number
cn_CRMP1 (1400),3.6362542e-07,-8.942402e-08,copy_number
cn_ALDH3A1 (218),3.6210253e-07,2.991004e-08,copy_number
ALDH1A3 (220),3.6008916e-07,-2.8309827e-08,gene_expression
rppa_NF2_Caution,3.5742949e-07,1.2375673e-07,rppa
cn_APOBEC3B (9582),3.5720552e-07,2.5546754e-09,copy_number
ARMCX2 (9823),3.562255e-07,-3.1079306e-08,gene_expression
SERPINE1 (5054),3.5507932e-07,6.475301e-08,gene_expression
cn_CYFIP2 (26999),3.5459917e-07,3.2500282e-07,copy_number
cn_FGFR2 (2263),3.540516e-07,-4.0955083e-08,copy_number
cn_SH2D4A (63898),3.5399682e-07,-2.0513632e-08,copy_number
cn_KRT4 (3851),3.5321358e-07,2.8550067e-09,copy_number
mut_VCAN,3.525286e-07,5.9515846e-09,mutation
cn_ABCC2 (1244),3.525108e-07,-4.4278103e-08,copy_number
cn_SLC6A8 (6535),3.5225895e-07,-3.4559278e-08,copy_number
MAGEA4 (4103),3.5127118e-07,-3.4012437e-08,gene_expression
NR2F1 (7025),3.5004314e-07,1.9455706e-08,gene_expression
rppa_Heregulin,3.4839965e-07,-1.0751435e-08,rppa
cn_AKAP12 (9590),3.4719565e-07,-5.233546e-08,copy_number
cn_COL6A3 (1293),3.4614035e-07,-2.7032043e-09,copy_number
cn_CCN1 (3491),3.4582666e-07,5.1011018e-08,copy_number
cn_STC2 (8614),3.4455837e-07,-4.0851084e-08,copy_number
cn_BASP1 (10409),3.4436505e-07,5.7444414e-08,copy_number
PUTATIVE_TARGET_ALK,3.4352902e-07,3.4352902e-07,target
mut_CACNA1E,3.4346004e-07,-6.266945e-09,mutation
cn_GSTM2 (2946),3.43121e-07,6.732212e-08,copy_number
rppa_Tuberin,3.4222583e-07,1.3054297e-07,rppa
STC2 (8614),3.4015292e-07,1.501794e-07,gene_expression
cn_SERPINB6 (5269),3.4004677e-07,5.1989645e-08,copy_number
target_expr_interaction_FGFR1__FGFR1 (2260),3.3999703e-07,-3.3254335e-07,target_expression_interaction
cn_EPHA2 (1969),3.3960904e-07,-1.0338003e-07,copy_number
cn_SPINT2 (10653),3.3917135e-07,6.15914e-08,copy_number
cn_SMIM22 (440335),3.3707036e-07,1.3101308e-07,copy_number
fp_701,3.3670275e-07,-1.8879943e-08,fingerprint
cn_ASS1 (445),3.3641564e-07,1.002383e-08,copy_number
cn_STEAP1 (26872),3.3495047e-07,-1.4221395e-07,copy_number
PRTFDC1 (56952),3.3376406e-07,4.0939096e-08,gene_expression
TIMP3 (7078),3.3205606e-07,4.071402e-08,gene_expression
LY6K (54742),3.2979753e-07,7.449031e-08,gene_expression
cn_DUSP4 (1846),3.2883764e-07,-1.564376e-08,copy_number
cn_RAB34 (83871),3.2624055e-07,-5.345581e-08,copy_number
cn_KLK5 (25818),3.2554954e-07,2.4753846e-09,copy_number
fp_368,3.242309e-07,-3.242309e-07,fingerprint
FERMT3 (83706),3.2339824e-07,-3.044818e-08,gene_expression
cn_GATA3 (2625),3.2335834e-07,1.4607059e-07,copy_number
TINAGL1 (64129),3.2329925e-07,-3.3387835e-08,gene_expression
cn_TSPAN8 (7103),3.22859e-07,-3.8400778e-08,copy_number
STOM (2040),3.2226916e-07,-1.1978436e-07,gene_expression
cn_GSN (2934),3.187311e-07,-7.561117e-08,copy_number
rppa_Dvl3,3.185994e-07,5.049681e-08,rppa
COL1A2 (1278),3.1554956e-07,-7.782456e-08,gene_expression
cn_LIMCH1 (22998),3.154077e-07,-9.9665645e-09,copy_number
HLA-DPA1 (3113),3.1259137e-07,-1.127552e-08,gene_expression
CA2 (760),3.121105e-07,2.3276286e-08,gene_expression
cn_GPRC5A (9052),3.1093793e-07,1.4236603e-07,copy_number
cn_HLA-F (3134),3.0817802e-07,6.446411e-08,copy_number
rppa_p27,3.0643616e-07,4.4266166e-10,rppa
CKB (1152),3.063328e-07,9.4907264e-08,gene_expression
cn_PRSS22 (64063),3.0578536e-07,3.938626e-08,copy_number
TCL1A (8115),3.057832e-07,1.197191e-07,gene_expression
PUTATIVE_TARGET_ERK2,3.0477807e-07,3.0477807e-07,target
ESRP1 (54845),3.0444647e-07,-5.3585648e-08,gene_expression
cn_ANKRD1 (27063),3.0406505e-07,-5.126913e-08,copy_number
cn_OCIAD2 (132299),3.0311185e-07,4.4424166e-08,copy_number
cn_COCH (1690),3.028743e-07,6.8051335e-08,copy_number
cn_PPL (5493),3.0050433e-07,1.369573e-07,copy_number
cn_ADAMTS1 (9510),2.997151e-07,-6.5664516e-08,copy_number
cn_PBX1 (5087),2.9917558e-07,-8.736742e-08,copy_number
EDIL3 (10085),2.9775723e-07,2.6644566e-08,gene_expression
cn_COL9A3 (1299),2.9703608e-07,3.4022026e-08,copy_number
cn_MYH14 (79784),2.955844e-07,5.2940653e-08,copy_number
cn_COL5A1 (1289),2.9476706e-07,-3.4322806e-08,copy_number
cn_RPL39L (116832),2.934441e-07,-2.5017645e-08,copy_number
cn_CLDN7 (1366),2.9081946e-07,-1.9053063e-08,copy_number
cn_XAF1 (54739),2.905204e-07,-1.1880517e-08,copy_number
MMP1 (4312),2.89676e-07,-9.121626e-08,gene_expression
cn_KITLG (4254),2.890786e-07,-8.8378805e-08,copy_number
PUTATIVE_TARGET_FAAH;PLA2G4A;PLA2G4B;PLA2G4C;PLA2G4D,2.8749682e-07,2.8749682e-07,target
cn_LCP1 (3936),2.873852e-07,4.664241e-08,copy_number
cn_LPAR1 (1902),2.867795e-07,-3.6476961e-09,copy_number
cn_DKK1 (22943),2.8670544e-07,1.0477299e-08,copy_number
cn_ERBB3 (2065),2.865782e-07,-3.5377198e-08,copy_number
ISG15 (9636),2.861424e-07,-1.9953571e-08,gene_expression
cn_BCHE (590),2.850973e-07,-2.5506608e-08,copy_number
mut_DNAH8,2.8483416e-07,7.173563e-08,mutation
cn_CAMK2N1 (55450),2.833152e-07,1.944351e-07,copy_number
mut_MYH1,2.8258265e-07,-5.909156e-08,mutation
POSTN (10631),2.8220214e-07,-7.968756e-09,gene_expression
cn_CHMP4C (92421),2.80088e-07,-6.929684e-08,copy_number
mut_DCHS1,2.7878772e-07,1.7722117e-08,mutation
cn_CLDN4 (1364),2.7729953e-07,-4.1683023e-08,copy_number
rppa_S6_pS240_S244,2.7725545e-07,3.203224e-08,rppa
cn_EPS8L2 (64787),2.769994e-07,-5.624559e-10,copy_number
cn_DIO2 (1734),2.7548327e-07,3.03852e-08,copy_number
cn_CKB (1152),2.7457068e-07,-7.0889166e-09,copy_number
cn_SEMA3B (7869),2.7451168e-07,2.6174524e-08,copy_number
cn_CTSV (1515),2.7349327e-07,4.747704e-08,copy_number
cn_GMFG (9535),2.7286538e-07,2.4323045e-08,copy_number
cn_TM4SF1 (4071),2.726012e-07,-2.1643516e-09,copy_number
cn_KLK10 (5655),2.710805e-07,-1.8807304e-08,copy_number
cn_NR2F2 (7026),2.68663e-07,1.7237904e-08,copy_number
cn_JUP (3728),2.6849554e-07,7.796725e-08,copy_number
cn_C15orf48 (84419),2.6706684e-07,6.6604905e-10,copy_number
cn_GPX8 (493869),2.663203e-07,1.5063257e-07,copy_number
CAVIN3 (112464),2.6627148e-07,-1.02770194e-07,gene_expression
cn_LYPD3 (27076),2.6492359e-07,8.4543025e-08,copy_number
TNFRSF6B (8771),2.6396344e-07,-6.925939e-08,gene_expression
cn_GAL (51083),2.6319594e-07,4.1010335e-08,copy_number
CHN1 (1123),2.6300515e-07,1.4022442e-07,gene_expression
mut_PCDH15,2.6227133e-07,-4.8934947e-08,mutation
cn_TPD52L1 (7164),2.6130638e-07,-4.491256e-09,copy_number
cn_APOC1 (341),2.6039336e-07,-9.826416e-08,copy_number
MYO1E (4643),2.6021542e-07,-1.4102456e-07,gene_expression
C15orf48 (84419),2.5944138e-07,-2.7661116e-08,gene_expression
MYEOV (26579),2.5925382e-07,-6.1318254e-08,gene_expression
cn_RARRES2 (5919),2.5815112e-07,4.9480683e-08,copy_number
cn_MAL2 (114569),2.579025e-07,5.8740362e-08,copy_number
cn_ITM2A (9452),2.55798e-07,-2.1759599e-08,copy_number
cn_CASP1 (834),2.5554255e-07,7.819914e-08,copy_number
VAMP8 (8673),2.5493364e-07,2.9018402e-08,gene_expression
cn_ITGA6 (3655),2.5415935e-07,-6.4369296e-08,copy_number
AKAP12 (9590),2.5375925e-07,-6.3601135e-08,gene_expression
PLAT (5327),2.5299153e-07,-2.5950012e-08,gene_expression
rppa_CDK1,2.5219012e-07,7.1976906e-08,rppa
cn_C3 (718),2.5123245e-07,5.4836136e-08,copy_number
mut_DNAH1,2.5111976e-07,1.7138902e-08,mutation
rppa_STAT3_Caution,2.5035314e-07,9.94552e-09,rppa
cn_PLAT (5327),2.4852932e-07,5.1352154e-09,copy_number
cn_FEZ1 (9638),2.4851536e-07,-1.2044137e-07,copy_number
COCH (1690),2.483885e-07,4.7461462e-08,gene_expression
ANXA3 (306),2.4732705e-07,4.2765308e-08,gene_expression
rppa_p70S6K,2.4618646e-07,2.1433781e-08,rppa
mut_GLI3,2.4537206e-07,5.673553e-08,mutation
fp_436,2.450268e-07,2.2289544e-07,fingerprint
cn_SDC1 (6382),2.4410664e-07,3.315706e-08,copy_number
cn_KCNN4 (3783),2.4368143e-07,1.15484005e-08,copy_number
TAGLN (6876),2.4352238e-07,-3.7982165e-08,gene_expression
cn_WWTR1 (25937),2.4339394e-07,-2.8087253e-08,copy_number
cn_PDLIM4 (8572),2.426229e-07,3.854224e-09,copy_number
cn_LARP6 (55323),2.4214467e-07,-2.050538e-08,copy_number
LCN2 (3934),2.4057496e-07,8.696956e-08,gene_expression
cn_PTK7 (5754),2.3807111e-07,3.822337e-08,copy_number
rppa_beta-Catenin_pT41_S45,2.3757595e-07,-2.9550606e-08,rppa
cn_LY6K (54742),2.3722723e-07,-8.342891e-09,copy_number
cn_CXCL5 (6374),2.3659562e-07,2.1170717e-08,copy_number
cn_CCND1 (595),2.3390488e-07,6.786688e-08,copy_number
TRIM29 (23650),2.3238859e-07,7.831119e-08,gene_expression
cn_CDH1 (999),2.2761276e-07,8.407383e-11,copy_number
cn_IGFBP2 (3485),2.2757094e-07,-1.650865e-07,copy_number
cn_FSCN1 (6624),2.2620333e-07,9.495625e-09,copy_number
cn_TPBG (7162),2.2425718e-07,-5.090763e-09,copy_number
cn_EGFR (1956),2.2287102e-07,1.1044967e-07,copy_number
cn_WLS (79971),2.2249998e-07,3.999536e-08,copy_number
TFF1 (7031),2.2079323e-07,-8.127975e-08,gene_expression
cn_MDK (4192),2.2078449e-07,-2.4772389e-08,copy_number
rppa_BRCA2_Caution,2.2034314e-07,-6.376443e-08,rppa
cn_SCG2 (7857),2.2032178e-07,1.2806051e-08,copy_number
rppa_CD31,2.1900041e-07,-5.844712e-08,rppa
LDOC1 (23641),2.1775365e-07,-5.4275784e-09,gene_expression
SERPINA3 (12),2.1703936e-07,7.4917885e-08,gene_expression
cn_GYPC (2995),2.157431e-07,4.543192e-08,copy_number
CEMIP (57214),2.1473826e-07,-2.0579892e-08,gene_expression
STRA6 (64220),2.1364143e-07,5.5678786e-08,gene_expression
cn_S100P (6286),2.1295095e-07,4.928377e-08,copy_number
mut_COL11A1,2.1253196e-07,-5.170966e-09,mutation
cn_TMC4 (147798),2.121147e-07,-1.8994028e-08,copy_number
rppa_SCD1,2.1152547e-07,-2.871183e-08,rppa
cn_TNFAIP2 (7127),2.1148942e-07,-1.2850755e-08,copy_number
OCIAD2 (132299),2.1075921e-07,8.1545535e-09,gene_expression
cn_ID1 (3397),2.1020216e-07,-5.4056666e-09,copy_number
rppa_IRS1,2.0874145e-07,1.3088524e-08,rppa
cn_MTAP (4507),2.086465e-07,1.9335673e-09,copy_number
cn_RND3 (390),2.059877e-07,2.4818897e-08,copy_number
cn_FXYD6 (53826),2.0530894e-07,1.1265364e-09,copy_number
CD9 (928),2.0452097e-07,-5.610318e-10,gene_expression
TNFSF10 (8743),2.0406333e-07,-7.216963e-09,gene_expression
ITGB3 (3690),2.0329026e-07,6.96731e-08,gene_expression
rppa_beta Actin_Caution,2.0295774e-07,6.113807e-09,rppa
cn_SERPINB2 (5055),2.0248203e-07,2.4191282e-08,copy_number
cn_HLA-DRB1 (3123),2.0097661e-07,-2.4044033e-09,copy_number
rppa_IGFBP2,2.0081147e-07,-2.5063478e-08,rppa
cn_DDR1 (780),1.9971294e-07,1.5784586e-08,copy_number
rppa_FoxM1,1.9934421e-07,-5.198423e-08,rppa
cn_LOXL1 (4016),1.9921501e-07,-8.217552e-08,copy_number
rppa_Akt,1.9881672e-07,-4.1050676e-08,rppa
cn_TMC8 (147138),1.9669027e-07,4.8383523e-08,copy_number
fusion_LINC00942--LINC00942,1.9630284e-07,-1.6198594e-08,fusion
cn_CD22 (933),1.9426605e-07,4.252002e-08,copy_number
cn_MT1G (4495),1.9423348e-07,3.04844e-08,copy_number
cn_DNAJA4 (55466),1.9159053e-07,-7.539174e-09,copy_number
cn_PKDCC (91461),1.9090172e-07,6.6079644e-09,copy_number
cn_HLA-DPB1 (3115),1.9048228e-07,4.354131e-08,copy_number
C1R (715),1.9041289e-07,-2.0732008e-08,gene_expression
HPGD (3248),1.9004464e-07,-3.546919e-08,gene_expression
cn_TGM2 (7052),1.8887378e-07,-4.459726e-08,copy_number
PMP22 (5376),1.8679869e-07,-1.38086635e-08,gene_expression
cn_SDC2 (6383),1.8587288e-07,-5.4135882e-09,copy_number
target_token_FGFR1,1.8516107e-07,-1.6270451e-07,target_multihot
DSG2 (1829),1.8500421e-07,9.810137e-09,gene_expression
rppa_cIAP_Caution,1.8483843e-07,2.1131745e-08,rppa
cn_TINAGL1 (64129),1.8448438e-07,-1.9417639e-08,copy_number
OAS1 (4938),1.8379158e-07,-3.8439577e-08,gene_expression
rppa_ACC_pS79,1.8162443e-07,6.5132376e-08,rppa
rppa_MEK1,1.8158708e-07,-1.3403874e-07,rppa
fp_32,1.8130962e-07,-7.048973e-10,fingerprint
cn_CAVIN3 (112464),1.8102206e-07,7.8990844e-08,copy_number
ANXA1 (301),1.8054443e-07,4.0542634e-08,gene_expression
cn_WFDC2 (10406),1.8043488e-07,1.6883682e-08,copy_number
cn_TMT1A (25840),1.8011701e-07,-4.1413823e-08,copy_number
cn_MYEOV (26579),1.8001084e-07,4.0224226e-08,copy_number
cn_COL4A5 (1287),1.7974983e-07,2.0272852e-08,copy_number
cn_KLK6 (5653),1.7891955e-07,-1.1336926e-07,copy_number
cn_BMP7 (655),1.7887137e-07,5.0818073e-08,copy_number
cn_TMEM98 (26022),1.7738536e-07,7.1039686e-08,copy_number
cn_CD276 (80381),1.7695342e-07,2.2915254e-08,copy_number
cn_GSTM1 (2944),1.7652278e-07,-1.3023705e-08,copy_number
S100A9 (6280),1.7580467e-07,-2.911074e-09,gene_expression
IFI16 (3428),1.7546884e-07,-2.3237108e-08,gene_expression
cn_TMEM54 (113452),1.752769e-07,-3.543916e-09,copy_number
mut_HLA-DRB5,1.7443038e-07,1.2468621e-08,mutation
cn_BMP4 (652),1.7300945e-07,-3.254915e-08,copy_number
ARL4C (10123),1.7300859e-07,1.537986e-08,gene_expression
SPART (23111),1.7219794e-07,2.1684748e-08,gene_expression
cn_GDA (9615),1.7190706e-07,-2.0830244e-08,copy_number
cn_PALLD (23022),1.7143134e-07,6.522007e-08,copy_number
cn_HKDC1 (80201),1.7061177e-07,3.248437e-08,copy_number
cn_PERP (64065),1.6948141e-07,-5.4480033e-08,copy_number
FLNC (2318),1.6923542e-07,-3.9331365e-08,gene_expression
cn_TRIM29 (23650),1.6869724e-07,-5.5588345e-08,copy_number
FHL1 (2273),1.684059e-07,5.682558e-08,gene_expression
XAF1 (54739),1.6833893e-07,-2.4343583e-08,gene_expression
LOX (4015),1.6513016e-07,-1.7192379e-08,gene_expression
rppa_CD20 _Caution,1.6448921e-07,4.8227293e-09,rppa
cn_HLA-A (3105),1.6418669e-07,5.6975487e-08,copy_number
DZIP1 (22873),1.6219367e-07,1.42493795e-08,gene_expression
cn_RGS4 (5999),1.616661e-07,-8.48217e-08,copy_number
SNCG (6623),1.6165419e-07,7.637537e-09,gene_expression
cn_APBB1IP (54518),1.6013713e-07,-1.7264713e-09,copy_number
cn_ACKR3 (57007),1.5878976e-07,-1.2299626e-08,copy_number
cn_FOLR1 (2348),1.5873947e-07,1.5177937e-08,copy_number
rppa_Akt_pT308,1.5840551e-07,-8.796553e-08,rppa
cn_LY6E (4061),1.5822481e-07,2.6688689e-08,copy_number
rppa_Bcl-xL,1.5695281e-07,1.7357323e-08,rppa
cn_DAB2 (1601),1.5664146e-07,-5.069891e-09,copy_number
rppa_Rictor_Caution,1.5652779e-07,7.487595e-09,rppa
mut_FLNC,1.5572515e-07,-3.4835676e-08,mutation
cn_HNMT (3176),1.5211168e-07,-1.8335152e-08,copy_number
cn_FOXA1 (3169),1.514149e-07,-2.339052e-08,copy_number
AEBP1 (165),1.5129012e-07,-4.3436547e-08,gene_expression
cn_TXNIP (10628),1.5111448e-07,5.2371374e-09,copy_number
cn_FOS (2353),1.5094496e-07,-6.1851093e-09,copy_number
rppa_E-Cadherin,1.5007173e-07,-6.7935574e-08,rppa
cn_GNAI1 (2770),1.5003724e-07,6.3295946e-09,copy_number
mut_FSIP2,1.4925554e-07,-5.6442717e-09,mutation
PUTATIVE_TARGET_analog of tetracycline,1.481085e-07,1.481085e-07,target
rppa_Chk2,1.4803899e-07,-2.7055044e-08,rppa
cn_AP1M2 (10053),1.4770114e-07,3.387323e-08,copy_number
cn_LHFPL6 (10186),1.475164e-07,1.8440428e-09,copy_number
DKK3 (27122),1.4728916e-07,-4.365622e-08,gene_expression
cn_CD109 (135228),1.4720321e-07,-1.9938469e-08,copy_number
VWA1 (64856),1.4681922e-07,-9.110334e-08,gene_expression
cn_THY1 (7070),1.4535472e-07,3.2844292e-09,copy_number
cn_SERPINE1 (5054),1.4395044e-07,3.772321e-08,copy_number
cn_PYGL (5836),1.438558e-07,-2.3146944e-08,copy_number
cn_MPZL2 (10205),1.4264555e-07,1.0968934e-08,copy_number
target_expr_interaction_AKT3__AKT3 (10000),1.4234483e-07,1.4234483e-07,target_expression_interaction
cn_EHD2 (30846),1.4231968e-07,-6.1096756e-08,copy_number
cn_BCL2A1 (597),1.4180743e-07,3.251504e-08,copy_number
cn_GPNMB (10457),1.4151271e-07,2.2164658e-08,copy_number
cn_GSTP1 (2950),1.4103337e-07,-6.067764e-08,copy_number
cn_SYTL2 (54843),1.4078417e-07,-1.926793e-08,copy_number
target_token_CDC7,1.386337e-07,-1.386337e-07,target_multihot
mut_FLG,1.3773325e-07,4.654889e-08,mutation
cn_CALB2 (794),1.3662358e-07,2.331494e-08,copy_number
rppa_VAV1_Caution,1.3628225e-07,1.8727656e-08,rppa
FSTL1 (11167),1.3518124e-07,2.071413e-08,gene_expression
cn_CXCL2 (2920),1.3463152e-07,-5.0502647e-09,copy_number
mut_CNTNAP5,1.3446268e-07,1.880601e-08,mutation
cn_RTL8C (8933),1.3408912e-07,-2.686104e-08,copy_number
cn_HMOX1 (3162),1.3394234e-07,2.874752e-08,copy_number
cn_CRIP1 (1396),1.3350954e-07,4.8312486e-08,copy_number
OncotreeLineage_Esophagus/Stomach,1.3270257e-07,-2.1257678e-08,tissue
cn_GULP1 (51454),1.3265294e-07,-1.9642359e-08,copy_number
cn_LRATD2 (157638),1.3207918e-07,2.4656845e-08,copy_number
cn_HSPB8 (26353),1.2911936e-07,1.7784338e-08,copy_number
DDX3Y (8653),1.2590793e-07,-2.472935e-08,gene_expression
S100P (6286),1.2590057e-07,-1.4277852e-08,gene_expression
KLK10 (5655),1.2586473e-07,1.1056728e-08,gene_expression
HLA-DRA (3122),1.257711e-07,-8.796012e-09,gene_expression
cn_ANXA1 (301),1.2574213e-07,2.5065612e-08,copy_number
cn_MUC13 (56667),1.2563146e-07,1.4612477e-08,copy_number
cn_IFITM2 (10581),1.2434124e-07,1.5878037e-08,copy_number
cn_TIMP3 (7078),1.2422744e-07,-7.372161e-08,copy_number
FOSB (2354),1.2414819e-07,2.252641e-08,gene_expression
cn_ITGBL1 (9358),1.2337388e-07,2.7285271e-08,copy_number
cn_DUSP23 (54935),1.2314143e-07,4.617463e-08,copy_number
PRRX1 (5396),1.2300758e-07,5.1353726e-09,gene_expression
rppa_4E-BP1_pS65,1.225995e-07,5.412764e-09,rppa
cn_ASPH (444),1.2251924e-07,1.1923394e-08,copy_number
cn_AGR2 (10551),1.1993899e-07,5.329278e-09,copy_number
target_token_DIABLO,1.1949018e-07,1.1949018e-07,target_multihot
cn_APLP1 (333),1.1931184e-07,-3.323624e-09,copy_number
cn_CPE (1363),1.1887721e-07,-2.0517286e-08,copy_number
cn_PCSK1N (27344),1.18692206e-07,-2.1398531e-08,copy_number
cn_ALDH2 (217),1.1784307e-07,2.3545331e-08,copy_number
KLK8 (11202),1.1574558e-07,3.290809e-08,gene_expression
cn_G0S2 (50486),1.15716205e-07,-3.4311547e-08,copy_number
cn_ESRP1 (54845),1.1467331e-07,3.151082e-08,copy_number
mut_SACS,1.14459546e-07,-5.632232e-08,mutation
cn_FN1 (2335),1.13747916e-07,3.678114e-08,copy_number
rppa_HSP70_Caution,1.1370143e-07,-3.3877267e-08,rppa
cn_KRT80 (144501),1.13164056e-07,3.7858508e-10,copy_number
mut_MYO15A,1.13148275e-07,-1.4899527e-08,mutation
cn_JAG2 (3714),1.1249845e-07,1.5120673e-08,copy_number
cn_CYBA (1535),1.1138575e-07,1.0585858e-08,copy_number
cn_MFGE8 (4240),1.11057716e-07,1.4661721e-08,copy_number
cn_CCL2 (6347),1.10229024e-07,1.0484933e-08,copy_number
cn_SERPINA1 (5265),1.1014646e-07,-1.1269044e-08,copy_number
cn_IGF2 (3481),1.1009604e-07,-3.84904e-08,copy_number
mut_CELSR3,1.0934376e-07,1.7537653e-08,mutation
cn_NQO1 (1728),1.0871192e-07,-2.0140568e-08,copy_number
fusion_CCDC146--CH17-264B6.6,1.07710036e-07,1.0459014e-09,fusion
cn_CDCP1 (64866),1.06576636e-07,9.843838e-09,copy_number
cn_RBM47 (54502),1.0631284e-07,2.822488e-08,copy_number
fusion_IGKV1OR2-1--IGKV1OR9-2,1.05858945e-07,4.857671e-10,fusion
rppa_Rad50,1.05818636e-07,1.5618423e-09,rppa
cn_QPRT (23475),1.0580699e-07,8.949311e-09,copy_number
mut_CSMD1,1.0562299e-07,4.6708565e-10,mutation
cn_AKR1C3 (8644),1.03990324e-07,-1.7036038e-08,copy_number
rppa_JNK_pT183_Y185,1.01720715e-07,1.39050655e-08,rppa
rppa_YB-1,1.0155191e-07,-2.8909199e-08,rppa
JAG1 (182),1.0029834e-07,-2.2200801e-08,gene_expression
cn_ABCC3 (8714),1.0011918e-07,-4.460878e-09,copy_number
fusion_EEF1A1--EEF1A2,9.980933e-08,-2.59067e-08,fusion
cn_DAPK1 (1612),9.956067e-08,1.0713655e-08,copy_number
cn_CALB1 (793),9.873907e-08,-7.136001e-09,copy_number
cn_TMEM156 (80008),9.592425e-08,-2.2289928e-08,copy_number
cn_PLAAT3 (11145),9.366941e-08,-5.3997438e-09,copy_number
cn_MT1E (4493),9.240517e-08,-2.4466747e-08,copy_number
cn_EVI2A (2123),9.240271e-08,3.3492151e-09,copy_number
cn_ATP1B1 (481),9.021909e-08,-2.7965796e-09,copy_number
CYBA (1535),8.9599e-08,-1.1429878e-08,gene_expression
cn_FERMT3 (83706),8.91583e-08,-2.0093488e-08,copy_number
cn_NID2 (22795),8.667063e-08,-2.9142361e-08,copy_number
LRATD2 (157638),8.583655e-08,-2.2356776e-08,gene_expression
cn_ALDH7A1 (501),8.5526466e-08,2.5983628e-08,copy_number
cn_SLC38A5 (92745),8.4568704e-08,3.7664968e-08,copy_number
cn_PTPRF (5792),8.421443e-08,-2.825323e-08,copy_number
cn_GLIPR1 (11010),8.366174e-08,-2.7549916e-08,copy_number
rppa_XRCC1_Caution,8.360337e-08,9.441849e-09,rppa
cn_LTBR (4055),8.2891866e-08,-2.1810845e-08,copy_number
cn_APP (351),8.175994e-08,1.511554e-08,copy_number
cn_AKT3 (10000),8.084689e-08,-1.4687887e-08,copy_number
cn_TFF3 (7033),8.0608565e-08,5.6636122e-09,copy_number
cn_FCGRT (2217),7.974975e-08,4.895911e-09,copy_number
MYL9 (10398),7.843018e-08,-4.5388835e-09,gene_expression
cn_CLMP (79827),7.759424e-08,-3.3815603e-08,copy_number
cn_IFI16 (3428),7.739407e-08,1.7109364e-09,copy_number
cn_ALOX5AP (241),7.687055e-08,1.9538385e-08,copy_number
cn_DCN (1634),7.6652185e-08,-4.0285393e-09,copy_number
cn_SERPINF1 (5176),7.6189046e-08,3.235574e-08,copy_number
cn_VAV1 (7409),7.5821845e-08,-4.247417e-08,copy_number
cn_TNFRSF21 (27242),7.539226e-08,-2.08138e-08,copy_number
cn_PDGFC (56034),7.471205e-08,-1.4204095e-08,copy_number
cn_KRT13 (3860),7.457084e-08,9.420913e-09,copy_number
cn_MYADM (91663),7.19753e-08,-2.3263569e-08,copy_number
GABRE (2564),7.123126e-08,2.442991e-08,gene_expression
cn_CAVIN1 (284119),7.002571e-08,-1.145799e-09,copy_number
target_expr_interaction_BTK__BTK (695),6.952292e-08,-6.84479e-08,target_expression_interaction
rppa_CD49b,6.892907e-08,4.5958885e-08,rppa
HLA-DPB1 (3115),6.862643e-08,-1.6601996e-08,gene_expression
SERPINB6 (5269),6.832901e-08,-2.1690335e-08,gene_expression
cn_MAP2 (4133),6.8195135e-08,-1.7566183e-08,copy_number
cn_NOTCH3 (4854),6.762461e-08,3.4118657e-09,copy_number
fp_43,6.640224e-08,-6.3173445e-08,fingerprint
cn_FBXO17 (115290),6.6286525e-08,3.6430663e-08,copy_number
SPOCK1 (6695),6.292937e-08,-8.139751e-09,gene_expression
cn_PLAAT4 (5920),6.246499e-08,-3.2150382e-08,copy_number
cn_KRT23 (25984),6.240228e-08,4.3258273e-09,copy_number
fp_83,6.033071e-08,5.622751e-08,fingerprint
mut_TNRC18,6.008042e-08,2.8981285e-08,mutation
cn_ANXA2 (302),5.775943e-08,1.2201856e-09,copy_number
cn_LY6D (8581),5.6777953e-08,-1.658151e-08,copy_number
cn_ARHGAP29 (9411),5.3246467e-08,1.2482485e-08,copy_number
rppa_Tuberin_pT1462,5.1081077e-08,-7.669013e-09,rppa
cn_SERINC2 (347735),4.5289447e-08,3.019832e-08,copy_number
cn_MMP14 (4323),0.0,0.0,copy_number
cn_COL6A2 (1292),0.0,0.0,copy_number
cn_RBP1 (5947),0.0,0.0,copy_number
cn_IFITM3 (10410),0.0,0.0,copy_number
cn_IL32 (9235),0.0,0.0,copy_number
cn_HCLS1 (3059),0.0,0.0,copy_number
cn_ITGA3 (3675),0.0,0.0,copy_number
cn_IFI44 (10561),0.0,0.0,copy_number
cn_TCEAL9 (51186),0.0,0.0,copy_number
cn_SNCA (6622),0.0,0.0,copy_number
cn_ADGRF1 (266977),0.0,0.0,copy_number
cn_SLC16A3 (9123),0.0,0.0,copy_number
cn_CAPG (822),0.0,0.0,copy_number
cn_SLC2A3 (6515),0.0,0.0,copy_number
cn_AKR1B1 (231),0.0,0.0,copy_number
cn_MCAM (4162),0.0,0.0,copy_number
cn_DSG2 (1829),0.0,0.0,copy_number
cn_LOX (4015),0.0,0.0,copy_number
cn_S100A11 (6282),0.0,0.0,copy_number
cn_FHL1 (2273),0.0,0.0,copy_number
cn_FST (10468),0.0,0.0,copy_number
cn_ANPEP (290),0.0,0.0,copy_number
cn_AREG (374),0.0,0.0,copy_number
cn_DKK3 (27122),0.0,0.0,copy_number
cn_S100A9 (6280),0.0,0.0,copy_number
cn_LOXL2 (4017),0.0,0.0,copy_number
cn_MYL9 (10398),0.0,0.0,copy_number
cn_LAPTM5 (7805),0.0,0.0,copy_number
cn_CALD1 (800),0.0,0.0,copy_number
cn_CXCL1 (2919),0.0,0.0,copy_number
cn_PDZK1IP1 (10158),0.0,0.0,copy_number
cn_PTPRCAP (5790),0.0,0.0,copy_number
cn_FABP5 (2171),0.0,0.0,copy_number
cn_QPCT (25797),0.0,0.0,copy_number
cn_CDA (978),0.0,0.0,copy_number
cn_PRSS3 (5646),0.0,0.0,copy_number
cn_LAMC2 (3918),0.0,0.0,copy_number
cn_GJA1 (2697),0.0,0.0,copy_number
cn_BST2 (684),0.0,0.0,copy_number
cn_CLDN1 (9076),0.0,0.0,copy_number
cn_DMKN (93099),0.0,0.0,copy_number
cn_CLU (1191),0.0,0.0,copy_number
cn_BEX1 (55859),0.0,0.0,copy_number
cn_CTHRC1 (115908),0.0,0.0,copy_number
cn_TMPRSS4 (56649),0.0,0.0,copy_number
cn_IL1B (3553),0.0,0.0,copy_number
cn_PTGR1 (22949),0.0,0.0,copy_number
cn_CA2 (760),0.0,0.0,copy_number
cn_SRPX (8406),0.0,0.0,copy_number
cn_DCBLD2 (131566),0.0,0.0,copy_number
cn_IL6 (3569),0.0,0.0,copy_number
cn_KRT15 (3866),0.0,0.0,copy_number
cn_LDOC1 (23641),0.0,0.0,copy_number
cn_SDC4 (6385),0.0,0.0,copy_number
cn_SLFN11 (91607),0.0,0.0,copy_number
cn_ARHGDIB (397),0.0,0.0,copy_number
cn_S100A4 (6275),0.0,0.0,copy_number
cn_S100A2 (6273),0.0,0.0,copy_number
cn_F3 (2152),0.0,0.0,copy_number
cn_MMP2 (4313),0.0,0.0,copy_number
cn_CD44 (960),0.0,0.0,copy_number
cn_FHL2 (2274),0.0,0.0,copy_number
cn_SEMA3C (10512),0.0,0.0,copy_number
cn_S100A8 (6279),0.0,0.0,copy_number
cn_TRIM22 (10346),0.0,0.0,copy_number
cn_GLUL (2752),0.0,0.0,copy_number
cn_ANXA6 (309),0.0,0.0,copy_number
cn_MSN (4478),0.0,0.0,copy_number
cn_YAP1 (10413),0.0,0.0,copy_number
cn_TPM1 (7168),0.0,0.0,copy_number
cn_H2AJ (55766),0.0,0.0,copy_number
cn_TIMP2 (7077),0.0,0.0,copy_number
cn_RAMP1 (10267),0.0,0.0,copy_number
cn_BEX4 (56271),0.0,0.0,copy_number
cn_FAM20C (56975),0.0,0.0,copy_number
cn_ITGB5 (3693),0.0,0.0,copy_number
cn_CD48 (962),0.0,0.0,copy_number
cn_ITGA5 (3678),0.0,0.0,copy_number
cn_IRF6 (3664),0.0,0.0,copy_number
cn_RAB25 (57111),0.0,0.0,copy_number
cn_EFEMP1 (2202),0.0,0.0,copy_number
cn_AKR1C2 (1646),0.0,0.0,copy_number
cn_FSTL1 (11167),0.0,0.0,copy_number
cn_COL1A2 (1278),0.0,0.0,copy_number
cn_TFPI2 (7980),0.0,0.0,copy_number
cn_IFITM1 (8519),0.0,0.0,copy_number
cn_GPX2 (2877),0.0,0.0,copy_number
cn_KRT5 (3852),0.0,0.0,copy_number
cn_MGST1 (4257),0.0,0.0,copy_number
cn_HLA-DRA (3122),0.0,0.0,copy_number
cn_S100A16 (140576),0.0,0.0,copy_number
cn_KIRREL1 (55243),0.0,0.0,copy_number
cn_BACE2 (25825),0.0,0.0,copy_number
cn_ERRFI1 (54206),0.0,0.0,copy_number
cn_PFN2 (5217),0.0,0.0,copy_number
cn_TGFB2 (7042),0.0,0.0,copy_number
cn_COL8A1 (1295),0.0,0.0,copy_number
cn_SNAI2 (6591),0.0,0.0,copy_number
cn_LAMA3 (3909),0.0,0.0,copy_number
cn_CTSS (1520),0.0,0.0,copy_number
cn_CEP15 (57415),0.0,0.0,copy_number
cn_GNG12 (55970),0.0,0.0,copy_number
cn_S100A14 (57402),0.0,0.0,copy_number
cn_FXYD3 (5349),0.0,0.0,copy_number
cn_SPP1 (6696),0.0,0.0,copy_number
cn_IGFBP3 (3486),0.0,0.0,copy_number
cn_CAV1 (857),0.0,0.0,copy_number
cn_S100A6 (6277),0.0,0.0,copy_number
cn_AMOTL2 (51421),0.0,0.0,copy_number
cn_CYP1B1 (1545),0.0,0.0,copy_number
cn_TP53I11 (9537),0.0,0.0,copy_number
cn_TNNT1 (7138),0.0,0.0,copy_number
cn_EVA1A (84141),0.0,0.0,copy_number
cn_MUC1 (4582),0.0,0.0,copy_number
cn_LIF (3976),0.0,0.0,copy_number
cn_CD79B (974),0.0,0.0,copy_number
cn_AEBP1 (165),0.0,0.0,copy_number
desc_formal_charge,0.0,0.0,rdkit_descriptor
cn_KRT19 (3880),0.0,0.0,copy_number
cn_KRT7 (3855),0.0,0.0,copy_number
cn_TGFBI (7045),0.0,0.0,copy_number
cn_C19orf33 (64073),0.0,0.0,copy_number
fp_1018,0.0,0.0,fingerprint
fp_1020,0.0,0.0,fingerprint
fp_1021,0.0,0.0,fingerprint
fp_1022,0.0,0.0,fingerprint
cn_CEACAM5 (1048),0.0,0.0,copy_number
cn_HOXA9 (3205),0.0,0.0,copy_number
cn_RAB32 (10981),0.0,0.0,copy_number
cn_MRC2 (9902),0.0,0.0,copy_number
cn_S100B (6285),0.0,0.0,copy_number
cn_CRB3 (92359),0.0,0.0,copy_number
cn_ANTXR1 (84168),0.0,0.0,copy_number
cn_PTHLH (5744),0.0,0.0,copy_number
cn_EPAS1 (2034),0.0,0.0,copy_number
cn_GPRC5C (55890),0.0,0.0,copy_number
cn_TGFA (7039),0.0,0.0,copy_number
cn_RCSD1 (92241),0.0,0.0,copy_number
cn_LDHB (3945),0.0,0.0,copy_number
fp_1001,0.0,0.0,fingerprint
fp_1002,0.0,0.0,fingerprint
fp_1006,0.0,0.0,fingerprint
fp_1007,0.0,0.0,fingerprint
fp_1008,0.0,0.0,fingerprint
fp_1011,0.0,0.0,fingerprint
fp_1012,0.0,0.0,fingerprint
fp_1013,0.0,0.0,fingerprint
fp_1014,0.0,0.0,fingerprint
fp_1015,0.0,0.0,fingerprint
cn_UCP2 (7351),0.0,0.0,copy_number
cn_EMB (133418),0.0,0.0,copy_number
cn_FADS2 (9415),0.0,0.0,copy_number
cn_CFH (3075),0.0,0.0,copy_number
cn_PHLDA2 (7262),0.0,0.0,copy_number
cn_TNFRSF11B (4982),0.0,0.0,copy_number
cn_NID1 (4811),0.0,0.0,copy_number
fp_990,0.0,0.0,fingerprint
fp_991,0.0,0.0,fingerprint
fp_996,0.0,0.0,fingerprint
fp_999,0.0,0.0,fingerprint
fp_1000,0.0,0.0,fingerprint
MYO1B (4430),0.0,0.0,gene_expression
cn_C1R (715),0.0,0.0,copy_number
cn_APOL1 (8542),0.0,0.0,copy_number
cn_SELENOP (6414),0.0,0.0,copy_number
cn_CA12 (771),0.0,0.0,copy_number
cn_PHLDA3 (23612),0.0,0.0,copy_number
cn_ID3 (3399),0.0,0.0,copy_number
fp_977,0.0,0.0,fingerprint
fp_978,0.0,0.0,fingerprint
fp_979,0.0,0.0,fingerprint
fp_980,0.0,0.0,fingerprint
fp_981,0.0,0.0,fingerprint
fp_982,0.0,0.0,fingerprint
fp_983,0.0,0.0,fingerprint
cn_ICAM1 (3383),0.0,0.0,copy_number
cn_MSLN (10232),0.0,0.0,copy_number
cn_TMEM45B (120224),0.0,0.0,copy_number
UPP1 (7378),0.0,0.0,gene_expression
UNC13D (201294),0.0,0.0,gene_expression
fp_957,0.0,0.0,fingerprint
fp_958,0.0,0.0,fingerprint
fp_959,0.0,0.0,fingerprint
fp_962,0.0,0.0,fingerprint
fp_963,0.0,0.0,fingerprint
fp_964,0.0,0.0,fingerprint
fp_965,0.0,0.0,fingerprint
fp_968,0.0,0.0,fingerprint
fp_969,0.0,0.0,fingerprint
fp_970,0.0,0.0,fingerprint
fp_971,0.0,0.0,fingerprint
fp_972,0.0,0.0,fingerprint
fp_975,0.0,0.0,fingerprint
cn_C1S (716),0.0,0.0,copy_number
cn_TUBB3 (10381),0.0,0.0,copy_number
cn_TESC (54997),0.0,0.0,copy_number
cn_CYBRD1 (79901),0.0,0.0,copy_number
cn_NRN1 (51299),0.0,0.0,copy_number
fp_938,0.0,0.0,fingerprint
fp_944,0.0,0.0,fingerprint
fp_951,0.0,0.0,fingerprint
fp_923,0.0,0.0,fingerprint
fp_928,0.0,0.0,fingerprint
cn_SPN (6693),0.0,0.0,copy_number
cn_MYB (4602),0.0,0.0,copy_number
cn_SLC17A9 (63910),0.0,0.0,copy_number
cn_NES (10763),0.0,0.0,copy_number
cn_GNG2 (54331),0.0,0.0,copy_number
cn_KCNK1 (3775),0.0,0.0,copy_number
cn_NCKAP1L (3071),0.0,0.0,copy_number
cn_COL18A1 (80781),0.0,0.0,copy_number
cn_CD37 (951),0.0,0.0,copy_number
cn_FLNC (2318),0.0,0.0,copy_number
cn_TNFRSF6B (8771),0.0,0.0,copy_number
cn_HOXC10 (3226),0.0,0.0,copy_number
cn_VAMP5 (10791),0.0,0.0,copy_number
cn_ADGRG6 (57211),0.0,0.0,copy_number
cn_CDH11 (1009),0.0,0.0,copy_number
cn_NCAM1 (4684),0.0,0.0,copy_number
cn_SYK (6850),0.0,0.0,copy_number
cn_CNRIP1 (25927),0.0,0.0,copy_number
fp_905,0.0,0.0,fingerprint
fp_907,0.0,0.0,fingerprint
fp_912,0.0,0.0,fingerprint
fp_917,0.0,0.0,fingerprint
fp_919,0.0,0.0,fingerprint
cn_GJB3 (2707),0.0,0.0,copy_number
cn_KRTCAP3 (200634),0.0,0.0,copy_number
cn_INHBA (3624),0.0,0.0,copy_number
cn_CLEC11A (6320),0.0,0.0,copy_number
cn_HOXB2 (3212),0.0,0.0,copy_number
cn_TFF1 (7031),0.0,0.0,copy_number
fp_890,0.0,0.0,fingerprint
fp_892,0.0,0.0,fingerprint
fp_893,0.0,0.0,fingerprint
fp_895,0.0,0.0,fingerprint
fp_899,0.0,0.0,fingerprint
fp_900,0.0,0.0,fingerprint
fp_902,0.0,0.0,fingerprint
fp_903,0.0,0.0,fingerprint
cn_FBLIM1 (54751),0.0,0.0,copy_number
cn_TMEM139 (135932),0.0,0.0,copy_number
cn_HDGFL3 (50810),0.0,0.0,copy_number
cn_LAT2 (7462),0.0,0.0,copy_number
cn_GABRE (2564),0.0,0.0,copy_number
cn_ICAM2 (3384),0.0,0.0,copy_number
cn_ANO1 (55107),0.0,0.0,copy_number
cn_IL7R (3575),0.0,0.0,copy_number
cn_PTPN6 (5777),0.0,0.0,copy_number
cn_IQANK1 (642574),0.0,0.0,copy_number
cn_UPP1 (7378),0.0,0.0,copy_number
cn_POU2AF1 (5450),0.0,0.0,copy_number
cn_CDH13 (1012),0.0,0.0,copy_number
cn_ARMCX2 (9823),0.0,0.0,copy_number
cn_UNC13D (201294),0.0,0.0,copy_number
fp_873,0.0,0.0,fingerprint
fp_876,0.0,0.0,fingerprint
fp_877,0.0,0.0,fingerprint
fp_878,0.0,0.0,fingerprint
fp_879,0.0,0.0,fingerprint
fp_881,0.0,0.0,fingerprint
fp_882,0.0,0.0,fingerprint
fp_883,0.0,0.0,fingerprint
fp_886,0.0,0.0,fingerprint
fp_887,0.0,0.0,fingerprint
cn_FKBP9 (11328),0.0,0.0,copy_number
cn_DHRS3 (9249),0.0,0.0,copy_number
cn_ACTA2 (59),0.0,0.0,copy_number
cn_MATN2 (4147),0.0,0.0,copy_number
cn_CLDN11 (5010),0.0,0.0,copy_number
cn_CDC42EP1 (11135),0.0,0.0,copy_number
cn_BTK (695),0.0,0.0,copy_number
fp_866,0.0,0.0,fingerprint
fp_867,0.0,0.0,fingerprint
fp_868,0.0,0.0,fingerprint
fp_869,0.0,0.0,fingerprint
fp_870,0.0,0.0,fingerprint
cn_RAI14 (26064),0.0,0.0,copy_number
cn_FAM83A (84985),0.0,0.0,copy_number
cn_TGFB1I1 (7041),0.0,0.0,copy_number
cn_MEF2C (4208),0.0,0.0,copy_number
cn_TRIP6 (7205),0.0,0.0,copy_number
cn_DEFB1 (1672),0.0,0.0,copy_number
cn_MT1F (4494),0.0,0.0,copy_number
cn_MXRA7 (439921),0.0,0.0,copy_number
cn_CD82 (3732),0.0,0.0,copy_number
cn_LPXN (9404),0.0,0.0,copy_number
cn_SERPINH1 (871),0.0,0.0,copy_number
cn_SLC1A3 (6507),0.0,0.0,copy_number
cn_POPDC3 (64208),0.0,0.0,copy_number
cn_NDRG1 (10397),0.0,0.0,copy_number
cn_MYLK (4638),0.0,0.0,copy_number
cn_GPC1 (2817),0.0,0.0,copy_number
cn_STC1 (6781),0.0,0.0,copy_number
cn_DUSP6 (1848),0.0,0.0,copy_number
cn_GNG4 (2786),0.0,0.0,copy_number
cn_LAMA5 (3911),0.0,0.0,copy_number
cn_AHNAK2 (113146),0.0,0.0,copy_number
cn_ARHGAP30 (257106),0.0,0.0,copy_number
cn_COL11A1 (1301),0.0,0.0,copy_number
fp_848,0.0,0.0,fingerprint
fp_850,0.0,0.0,fingerprint
fp_851,0.0,0.0,fingerprint
fp_852,0.0,0.0,fingerprint
fp_853,0.0,0.0,fingerprint
fp_854,0.0,0.0,fingerprint
fp_857,0.0,0.0,fingerprint
fp_858,0.0,0.0,fingerprint
fp_859,0.0,0.0,fingerprint
fp_860,0.0,0.0,fingerprint
fp_861,0.0,0.0,fingerprint
fp_862,0.0,0.0,fingerprint
fp_863,0.0,0.0,fingerprint
fp_864,0.0,0.0,fingerprint
fp_865,0.0,0.0,fingerprint
cn_OAS1 (4938),0.0,0.0,copy_number
cn_IL1A (3552),0.0,0.0,copy_number
cn_GRHL2 (79977),0.0,0.0,copy_number
cn_VWA1 (64856),0.0,0.0,copy_number
cn_VGLL1 (51442),0.0,0.0,copy_number
cn_MLLT11 (10962),0.0,0.0,copy_number
cn_PRTFDC1 (56952),0.0,0.0,copy_number
cn_BGN (633),0.0,0.0,copy_number
cn_PHLDB2 (90102),0.0,0.0,copy_number
cn_GJB2 (2706),0.0,0.0,copy_number
cn_LAYN (143903),0.0,0.0,copy_number
cn_SERPINA3 (12),0.0,0.0,copy_number
fp_825,0.0,0.0,fingerprint
fp_826,0.0,0.0,fingerprint
fp_827,0.0,0.0,fingerprint
fp_829,0.0,0.0,fingerprint
fp_837,0.0,0.0,fingerprint
fp_838,0.0,0.0,fingerprint
fp_840,0.0,0.0,fingerprint
fp_842,0.0,0.0,fingerprint
fp_843,0.0,0.0,fingerprint
fp_844,0.0,0.0,fingerprint
fp_846,0.0,0.0,fingerprint
fp_847,0.0,0.0,fingerprint
cn_IRF4 (3662),0.0,0.0,copy_number
cn_SASH3 (54440),0.0,0.0,copy_number
cn_CCND2 (894),0.0,0.0,copy_number
cn_FYN (2534),0.0,0.0,copy_number
cn_FERMT2 (10979),0.0,0.0,copy_number
cn_VGF (7425),0.0,0.0,copy_number
cn_DHRS2 (10202),0.0,0.0,copy_number
cn_OLFM1 (10439),0.0,0.0,copy_number
cn_KIF1A (547),0.0,0.0,copy_number
cn_COL7A1 (1294),0.0,0.0,copy_number
cn_LYPD6B (130576),0.0,0.0,copy_number
cn_GREM1 (26585),0.0,0.0,copy_number
cn_STRA6 (64220),0.0,0.0,copy_number
cn_RNF128 (79589),0.0,0.0,copy_number
cn_LIMD2 (80774),0.0,0.0,copy_number
fp_814,0.0,0.0,fingerprint
fp_815,0.0,0.0,fingerprint
fp_817,0.0,0.0,fingerprint
fp_818,0.0,0.0,fingerprint
fp_819,0.0,0.0,fingerprint
fp_821,0.0,0.0,fingerprint
fp_822,0.0,0.0,fingerprint
fp_823,0.0,0.0,fingerprint
fp_824,0.0,0.0,fingerprint
LLGL2 (3993),0.0,0.0,gene_expression
cn_CST3 (1471),0.0,0.0,copy_number
cn_SCRN1 (9805),0.0,0.0,copy_number
cn_ICA1 (3382),0.0,0.0,copy_number
cn_TSPAN15 (23555),0.0,0.0,copy_number
cn_IFI44L (10964),0.0,0.0,copy_number
cn_IGLL5 (100423062),0.0,0.0,copy_number
cn_GPRC5B (51704),0.0,0.0,copy_number
fp_796,0.0,0.0,fingerprint
fp_798,0.0,0.0,fingerprint
fp_799,0.0,0.0,fingerprint
fp_800,0.0,0.0,fingerprint
fp_802,0.0,0.0,fingerprint
fp_803,0.0,0.0,fingerprint
fp_804,0.0,0.0,fingerprint
fp_805,0.0,0.0,fingerprint
fp_808,0.0,0.0,fingerprint
fp_810,0.0,0.0,fingerprint
fp_811,0.0,0.0,fingerprint
fp_813,0.0,0.0,fingerprint
cn_LXN (56925),0.0,0.0,copy_number
cn_NELL2 (4753),0.0,0.0,copy_number
cn_SV2A (9900),0.0,0.0,copy_number
cn_EPS8 (2059),0.0,0.0,copy_number
cn_WAS (7454),0.0,0.0,copy_number
cn_FCRLA (84824),0.0,0.0,copy_number
cn_GPX7 (2882),0.0,0.0,copy_number
cn_PAX8 (7849),0.0,0.0,copy_number
cn_CREB3L1 (90993),0.0,0.0,copy_number
cn_RCN3 (57333),0.0,0.0,copy_number
cn_MAGEA1 (4100),0.0,0.0,copy_number
cn_TBX3 (6926),0.0,0.0,copy_number
fp_777,0.0,0.0,fingerprint
fp_778,0.0,0.0,fingerprint
fp_779,0.0,0.0,fingerprint
fp_780,0.0,0.0,fingerprint
fp_782,0.0,0.0,fingerprint
fp_783,0.0,0.0,fingerprint
fp_789,0.0,0.0,fingerprint
fp_791,0.0,0.0,fingerprint
cn_IL13RA2 (3598),0.0,0.0,copy_number
cn_EVL (51466),0.0,0.0,copy_number
cn_PSMB9 (5698),0.0,0.0,copy_number
cn_ITGAL (3683),0.0,0.0,copy_number
cn_PLAUR (5329),0.0,0.0,copy_number
cn_MOXD1 (26002),0.0,0.0,copy_number
cn_COTL1 (23406),0.0,0.0,copy_number
cn_EMP2 (2013),0.0,0.0,copy_number
cn_B3GNT3 (10331),0.0,0.0,copy_number
cn_PLEK (5341),0.0,0.0,copy_number
cn_ARL4C (10123),0.0,0.0,copy_number
cn_SRPX2 (27286),0.0,0.0,copy_number
cn_DPP4 (1803),0.0,0.0,copy_number
cn_SEPTIN10 (151011),0.0,0.0,copy_number
cn_MGLL (11343),0.0,0.0,copy_number
cn_C6orf132 (647024),0.0,0.0,copy_number
cn_CTTN (2017),0.0,0.0,copy_number
cn_TC2N (123036),0.0,0.0,copy_number
cn_SOX9 (6662),0.0,0.0,copy_number
cn_KDELR3 (11015),0.0,0.0,copy_number
cn_FAM83H (286077),0.0,0.0,copy_number
cn_PSCA (8000),0.0,0.0,copy_number
cn_HSH2D (84941),0.0,0.0,copy_number
cn_PAPSS2 (9060),0.0,0.0,copy_number
cn_CEMIP (57214),0.0,0.0,copy_number
cn_VPREB3 (29802),0.0,0.0,copy_number
cn_PODXL2 (50512),0.0,0.0,copy_number
cn_LLGL2 (3993),0.0,0.0,copy_number
cn_JAG1 (182),0.0,0.0,copy_number
cn_HTATIP2 (10553),0.0,0.0,copy_number
fp_765,0.0,0.0,fingerprint
fp_768,0.0,0.0,fingerprint
fp_769,0.0,0.0,fingerprint
fp_771,0.0,0.0,fingerprint
fp_772,0.0,0.0,fingerprint
fp_773,0.0,0.0,fingerprint
fp_774,0.0,0.0,fingerprint
fp_775,0.0,0.0,fingerprint
cn_LMNA (4000),0.0,0.0,copy_number
cn_PXDC1 (221749),0.0,0.0,copy_number
cn_F11R (50848),0.0,0.0,copy_number
cn_GNA15 (2769),0.0,0.0,copy_number
cn_TMEM158 (25907),0.0,0.0,copy_number
cn_CP (1356),0.0,0.0,copy_number
fp_746,0.0,0.0,fingerprint
fp_748,0.0,0.0,fingerprint
fp_749,0.0,0.0,fingerprint
fp_750,0.0,0.0,fingerprint
fp_752,0.0,0.0,fingerprint
fp_753,0.0,0.0,fingerprint
fp_754,0.0,0.0,fingerprint
fp_755,0.0,0.0,fingerprint
fp_756,0.0,0.0,fingerprint
fp_757,0.0,0.0,fingerprint
fp_759,0.0,0.0,fingerprint
fp_760,0.0,0.0,fingerprint
fp_761,0.0,0.0,fingerprint
fp_762,0.0,0.0,fingerprint
fp_763,0.0,0.0,fingerprint
cn_C6orf141 (135398),0.0,0.0,copy_number
PTN (5764),0.0,0.0,gene_expression
cn_CLEC2B (9976),0.0,0.0,copy_number
fp_737,0.0,0.0,fingerprint
fp_738,0.0,0.0,fingerprint
fp_740,0.0,0.0,fingerprint
fp_741,0.0,0.0,fingerprint
fp_742,0.0,0.0,fingerprint
fp_743,0.0,0.0,fingerprint
fp_744,0.0,0.0,fingerprint
cn_NPAS2 (4862),0.0,0.0,copy_number
cn_TRNP1 (388610),0.0,0.0,copy_number
cn_PKIB (5570),0.0,0.0,copy_number
cn_UPK1B (7348),0.0,0.0,copy_number
cn_MYO1G (64005),0.0,0.0,copy_number
cn_RASGRP2 (10235),0.0,0.0,copy_number
cn_TSPYL5 (85453),0.0,0.0,copy_number
cn_S100A13 (6284),0.0,0.0,copy_number
cn_OLR1 (4973),0.0,0.0,copy_number
cn_HLA-DMB (3109),0.0,0.0,copy_number
cn_EFEMP2 (30008),0.0,0.0,copy_number
cn_C1orf116 (79098),0.0,0.0,copy_number
cn_NTS (4922),0.0,0.0,copy_number
fp_713,0.0,0.0,fingerprint
fp_714,0.0,0.0,fingerprint
fp_716,0.0,0.0,fingerprint
fp_719,0.0,0.0,fingerprint
fp_720,0.0,0.0,fingerprint
fp_722,0.0,0.0,fingerprint
fp_725,0.0,0.0,fingerprint
fp_727,0.0,0.0,fingerprint
fp_728,0.0,0.0,fingerprint
fp_729,0.0,0.0,fingerprint
fp_731,0.0,0.0,fingerprint
fp_732,0.0,0.0,fingerprint
fp_733,0.0,0.0,fingerprint
fp_734,0.0,0.0,fingerprint
fp_735,0.0,0.0,fingerprint
fp_703,0.0,0.0,fingerprint
fp_704,0.0,0.0,fingerprint
fp_705,0.0,0.0,fingerprint
fp_707,0.0,0.0,fingerprint
fp_709,0.0,0.0,fingerprint
cn_ARHGEF6 (9459),0.0,0.0,copy_number
cn_SPATS2L (26010),0.0,0.0,copy_number
cn_PMEL (6490),0.0,0.0,copy_number
cn_RAB13 (5872),0.0,0.0,copy_number
cn_EFHD1 (80303),0.0,0.0,copy_number
cn_SEPTIN5 (5413),0.0,0.0,copy_number
cn_RFTN1 (23180),0.0,0.0,copy_number
cn_ENAH (55740),0.0,0.0,copy_number
cn_DDR2 (4921),0.0,0.0,copy_number
cn_NIBAN2 (64855),0.0,0.0,copy_number
cn_ARHGAP15 (55843),0.0,0.0,copy_number
cn_SAA2 (6289),0.0,0.0,copy_number
cn_CHI3L1 (1116),0.0,0.0,copy_number
fp_681,0.0,0.0,fingerprint
fp_682,0.0,0.0,fingerprint
fp_685,0.0,0.0,fingerprint
fp_686,0.0,0.0,fingerprint
fp_688,0.0,0.0,fingerprint
fp_690,0.0,0.0,fingerprint
fp_691,0.0,0.0,fingerprint
fp_696,0.0,0.0,fingerprint
fp_697,0.0,0.0,fingerprint
fp_700,0.0,0.0,fingerprint
fp_702,0.0,0.0,fingerprint
cn_CDKN2B (1030),0.0,0.0,copy_number
cn_DNER (92737),0.0,0.0,copy_number
cn_TMEM265 (100862671),0.0,0.0,copy_number
cn_CPT1C (126129),0.0,0.0,copy_number
cn_FGF2 (2247),0.0,0.0,copy_number
cn_CFB (629),0.0,0.0,copy_number
cn_KDM5D (8284),0.0,0.0,copy_number
cn_KIFC3 (3801),0.0,0.0,copy_number
cn_THBD (7056),0.0,0.0,copy_number
cn_BMERB1 (89927),0.0,0.0,copy_number
cn_PTGFRN (5738),0.0,0.0,copy_number
fp_668,0.0,0.0,fingerprint
fp_670,0.0,0.0,fingerprint
fp_671,0.0,0.0,fingerprint
fp_672,0.0,0.0,fingerprint
fp_676,0.0,0.0,fingerprint
fp_677,0.0,0.0,fingerprint
fp_679,0.0,0.0,fingerprint
cn_MX2 (4600),0.0,0.0,copy_number
cn_TMC6 (11322),0.0,0.0,copy_number
cn_ENG (2022),0.0,0.0,copy_number
cn_HID1 (283987),0.0,0.0,copy_number
fp_653,0.0,0.0,fingerprint
fp_654,0.0,0.0,fingerprint
fp_657,0.0,0.0,fingerprint
fp_658,0.0,0.0,fingerprint
fp_660,0.0,0.0,fingerprint
fp_661,0.0,0.0,fingerprint
fp_662,0.0,0.0,fingerprint
fp_663,0.0,0.0,fingerprint
NUP210 (23225),0.0,0.0,gene_expression
fp_665,0.0,0.0,fingerprint
cn_NEFL (4747),0.0,0.0,copy_number
cn_ABLIM3 (22885),0.0,0.0,copy_number
cn_CHN1 (1123),0.0,0.0,copy_number
cn_PRRX1 (5396),0.0,0.0,copy_number
cn_DTX1 (1840),0.0,0.0,copy_number
fp_645,0.0,0.0,fingerprint
fp_647,0.0,0.0,fingerprint
fp_648,0.0,0.0,fingerprint
fp_651,0.0,0.0,fingerprint
cn_LY96 (23643),0.0,0.0,copy_number
mut_TTN,0.0,0.0,mutation
mut_MUC4,0.0,0.0,mutation
mut_MUC19,0.0,0.0,mutation
mut_MUC16,0.0,0.0,mutation
mut_MUC3A,0.0,0.0,mutation
mut_MT-ND5,0.0,0.0,mutation
mut_HLA-A,0.0,0.0,mutation
mut_MT-CYB,0.0,0.0,mutation
mut_PCLO,0.0,0.0,mutation
mut_LRP1B,0.0,0.0,mutation
mut_AHNAK2,0.0,0.0,mutation
mut_USH2A,0.0,0.0,mutation
mut_OBSCN,0.0,0.0,mutation
mut_RYR2,0.0,0.0,mutation
mut_KMT2D,0.0,0.0,mutation
mut_ZFHX4,0.0,0.0,mutation
mut_FAT3,0.0,0.0,mutation
mut_NEB,0.0,0.0,mutation
mut_TERT,0.0,0.0,mutation
mut_HLA-B,0.0,0.0,mutation
mut_ABCA13,0.0,0.0,mutation
mut_MUC5AC,0.0,0.0,mutation
mut_FCGBP,0.0,0.0,mutation
mut_HMCN1,0.0,0.0,mutation
mut_RYR1,0.0,0.0,mutation
mut_ADGRV1,0.0,0.0,mutation
mut_RYR3,0.0,0.0,mutation
mut_KRAS,0.0,0.0,mutation
mut_RELN,0.0,0.0,mutation
mut_LILRB3,0.0,0.0,mutation
mut_MUC17,0.0,0.0,mutation
mut_APOB,0.0,0.0,mutation
mut_PKHD1L1,0.0,0.0,mutation
mut_DST,0.0,0.0,mutation
mut_KMT2C,0.0,0.0,mutation
mut_FAT4,0.0,0.0,mutation
mut_MUC6,0.0,0.0,mutation
mut_HLA-DRB1,0.0,0.0,mutation
mut_DNAH5,0.0,0.0,mutation
mut_CCDC168,0.0,0.0,mutation
mut_MACF1,0.0,0.0,mutation
mut_ARID1A,0.0,0.0,mutation
mut_MT-ND4,0.0,0.0,mutation
mut_PKD1L2,0.0,0.0,mutation
mut_UNC79,0.0,0.0,mutation
mut_DCHS2,0.0,0.0,mutation
mut_DNAH9,0.0,0.0,mutation
mut_SPTA1,0.0,0.0,mutation
mut_DNAH11,0.0,0.0,mutation
mut_DMD,0.0,0.0,mutation
mut_LAMA1,0.0,0.0,mutation
mut_AHNAK,0.0,0.0,mutation
mut_PKHD1,0.0,0.0,mutation
mut_LAMA5,0.0,0.0,mutation
mut_EYS,0.0,0.0,mutation
mut_CSMD2,0.0,0.0,mutation
mut_LRP2,0.0,0.0,mutation
mut_SYNE2,0.0,0.0,mutation
mut_RP1,0.0,0.0,mutation
mut_FAT1,0.0,0.0,mutation
mut_PLEC,0.0,0.0,mutation
mut_CDH23,0.0,0.0,mutation
mut_MT-ND1,0.0,0.0,mutation
mut_NF1,0.0,0.0,mutation
mut_FMN2,0.0,0.0,mutation
mut_HMCN2,0.0,0.0,mutation
mut_BLTP1,0.0,0.0,mutation
mut_SMARCA4,0.0,0.0,mutation
mut_DNAH7,0.0,0.0,mutation
mut_SPEN,0.0,0.0,mutation
mut_SPEG,0.0,0.0,mutation
mut_PRSS3,0.0,0.0,mutation
mut_FAT2,0.0,0.0,mutation
mut_DNAH14,0.0,0.0,mutation
mut_NAV3,0.0,0.0,mutation
mut_EP300,0.0,0.0,mutation
mut_HERC2,0.0,0.0,mutation
mut_PIK3CA,0.0,0.0,mutation
mut_SPATA31H1,0.0,0.0,mutation
mut_DNAH6,0.0,0.0,mutation
mut_ANK2,0.0,0.0,mutation
mut_TNXB,0.0,0.0,mutation
mut_RNF17,0.0,0.0,mutation
mut_IGFN1,0.0,0.0,mutation
mut_TENM2,0.0,0.0,mutation
mut_PXDNL,0.0,0.0,mutation
mut_SALL3,0.0,0.0,mutation
mut_ZFHX3,0.0,0.0,mutation
mut_MUC5B,0.0,0.0,mutation
mut_ANK3,0.0,0.0,mutation
ENG (2022),0.0,0.0,gene_expression
fp_619,0.0,0.0,fingerprint
fp_625,0.0,0.0,fingerprint
fp_628,0.0,0.0,fingerprint
fp_631,0.0,0.0,fingerprint
fp_635,0.0,0.0,fingerprint
fp_639,0.0,0.0,fingerprint
fp_640,0.0,0.0,fingerprint
fp_642,0.0,0.0,fingerprint
mut_HECTD4,0.0,0.0,mutation
mut_SVEP1,0.0,0.0,mutation
mut_CELSR2,0.0,0.0,mutation
mut_CFAP54,0.0,0.0,mutation
mut_ASPM,0.0,0.0,mutation
mut_MDN1,0.0,0.0,mutation
mut_DNAH17,0.0,0.0,mutation
mut_KMT2B,0.0,0.0,mutation
mut_TG,0.0,0.0,mutation
mut_CMYA5,0.0,0.0,mutation
mut_CFAP47,0.0,0.0,mutation
mut_DNAH10,0.0,0.0,mutation
mut_PKD1,0.0,0.0,mutation
mut_PKD1L1,0.0,0.0,mutation
mut_NBEA,0.0,0.0,mutation
mut_NOTCH1,0.0,0.0,mutation
mut_HSPG2,0.0,0.0,mutation
mut_DNAH3,0.0,0.0,mutation
mut_CDKN2A,0.0,0.0,mutation
mut_MGAM,0.0,0.0,mutation
mut_LYST,0.0,0.0,mutation
mut_DYNC2H1,0.0,0.0,mutation
mut_ASXL3,0.0,0.0,mutation
mut_RNF213,0.0,0.0,mutation
mut_FRAS1,0.0,0.0,mutation
mut_CUBN,0.0,0.0,mutation
mut_LRP1,0.0,0.0,mutation
mut_VPS13B,0.0,0.0,mutation
mut_RANBP2,0.0,0.0,mutation
mut_HERC1,0.0,0.0,mutation
mut_UNC13C,0.0,0.0,mutation
mut_TTC6,0.0,0.0,mutation
mut_SI,0.0,0.0,mutation
mut_FBN2,0.0,0.0,mutation
mut_PRKDC,0.0,0.0,mutation
mut_LRRK2,0.0,0.0,mutation
mut_USP34,0.0,0.0,mutation
mut_ABCA12,0.0,0.0,mutation
mut_ALMS1,0.0,0.0,mutation
mut_FAM135B,0.0,0.0,mutation
mut_PAPPA2,0.0,0.0,mutation
mut_UNC80,0.0,0.0,mutation
mut_AKAP9,0.0,0.0,mutation
mut_MXRA5,0.0,0.0,mutation
mut_TRRAP,0.0,0.0,mutation
mut_HUWE1,0.0,0.0,mutation
mut_MYH2,0.0,0.0,mutation
mut_NRXN1,0.0,0.0,mutation
mut_RB1,0.0,0.0,mutation
mut_WDFY4,0.0,0.0,mutation
mut_DYNC1H1,0.0,0.0,mutation
mut_SPTBN5,0.0,0.0,mutation
mut_TENM3,0.0,0.0,mutation
mut_PLXNA4,0.0,0.0,mutation
mut_RP1L1,0.0,0.0,mutation
mut_SDK1,0.0,0.0,mutation
mut_MYCBP2,0.0,0.0,mutation
mut_ZNF469,0.0,0.0,mutation
mut_ATM,0.0,0.0,mutation
mut_DSCAM,0.0,0.0,mutation
mut_KALRN,0.0,0.0,mutation
mut_FREM2,0.0,0.0,mutation
mut_NPAP1,0.0,0.0,mutation
mut_UBR4,0.0,0.0,mutation
mut_MGAM2,0.0,0.0,mutation
mut_COL6A5,0.0,0.0,mutation
mut_ANKRD30A,0.0,0.0,mutation
mut_SRCAP,0.0,0.0,mutation
mut_OTOG,0.0,0.0,mutation
mut_MUC22,0.0,0.0,mutation
mut_SHANK1,0.0,0.0,mutation
mut_ZDBF2,0.0,0.0,mutation
mut_TRIO,0.0,0.0,mutation
mut_RIMS2,0.0,0.0,mutation
mut_DYSF,0.0,0.0,mutation
mut_TENM4,0.0,0.0,mutation
mut_ADGRG4,0.0,0.0,mutation
mut_BSN,0.0,0.0,mutation
mut_PTPRQ,0.0,0.0,mutation
mut_ZNF831,0.0,0.0,mutation
mut_COL22A1,0.0,0.0,mutation
mut_ZNF536,0.0,0.0,mutation
mut_PEG3,0.0,0.0,mutation
mut_ADAMTS20,0.0,0.0,mutation
mut_FBN3,0.0,0.0,mutation
mut_DOCK3,0.0,0.0,mutation
mut_COL12A1,0.0,0.0,mutation
mut_ANKRD11,0.0,0.0,mutation
mut_WDFY3,0.0,0.0,mutation
mut_NOTCH3,0.0,0.0,mutation
mut_PIEZO2,0.0,0.0,mutation
mut_CNTNAP2,0.0,0.0,mutation
mut_ADGRL3,0.0,0.0,mutation
mut_NIPBL,0.0,0.0,mutation
mut_MKI67,0.0,0.0,mutation
mut_UBR5,0.0,0.0,mutation
mut_STAB2,0.0,0.0,mutation
mut_VPS13C,0.0,0.0,mutation
mut_VWF,0.0,0.0,mutation
mut_SPTBN4,0.0,0.0,mutation
mut_ADGRB3,0.0,0.0,mutation
mut_ERICH3,0.0,0.0,mutation
mut_LILRB1,0.0,0.0,mutation
mut_OBSL1,0.0,0.0,mutation
mut_DOCK2,0.0,0.0,mutation
mut_ZNF208,0.0,0.0,mutation
mut_UTRN,0.0,0.0,mutation
mut_CDH10,0.0,0.0,mutation
mut_CIC,0.0,0.0,mutation
mut_DIDO1,0.0,0.0,mutation
mut_COL6A3,0.0,0.0,mutation
mut_COL7A1,0.0,0.0,mutation
mut_THSD7B,0.0,0.0,mutation
mut_OTOGL,0.0,0.0,mutation
fp_0,0.0,0.0,fingerprint
fp_5,0.0,0.0,fingerprint
fp_7,0.0,0.0,fingerprint
fp_614,0.0,0.0,fingerprint
fp_616,0.0,0.0,fingerprint
mut_SCN2A,0.0,0.0,mutation
mut_CACNA1B,0.0,0.0,mutation
mut_DNHD1,0.0,0.0,mutation
mut_DCDC1,0.0,0.0,mutation
mut_FLG2,0.0,0.0,mutation
mut_MGA,0.0,0.0,mutation
mut_BRCA2,0.0,0.0,mutation
mut_DSP,0.0,0.0,mutation
mut_DSCAML1,0.0,0.0,mutation
mut_PRUNE2,0.0,0.0,mutation
mut_STAB1,0.0,0.0,mutation
mut_WNK2,0.0,0.0,mutation
mut_CACNA1H,0.0,0.0,mutation
mut_SCN3A,0.0,0.0,mutation
mut_PDZD2,0.0,0.0,mutation
mut_MYH4,0.0,0.0,mutation
mut_COL3A1,0.0,0.0,mutation
mut_CRYBG3,0.0,0.0,mutation
mut_CENPF,0.0,0.0,mutation
mut_SCN9A,0.0,0.0,mutation
mut_FBN1,0.0,0.0,mutation
mut_MAGEL2,0.0,0.0,mutation
mut_ARID1B,0.0,0.0,mutation
mut_PTPRD,0.0,0.0,mutation
mut_HLA-DQB2,0.0,0.0,mutation
mut_CACNA1C,0.0,0.0,mutation
mut_CEP295,0.0,0.0,mutation
mut_ADAMTS12,0.0,0.0,mutation
mut_BOD1L1,0.0,0.0,mutation
mut_CPLANE1,0.0,0.0,mutation
mut_HECW1,0.0,0.0,mutation
mut_KIF26A,0.0,0.0,mutation
mut_PTPN13,0.0,0.0,mutation
mut_NALCN,0.0,0.0,mutation
mut_CFAP46,0.0,0.0,mutation
mut_MEGF8,0.0,0.0,mutation
mut_MUC12,0.0,0.0,mutation
mut_CELSR1,0.0,0.0,mutation
mut_TNR,0.0,0.0,mutation
mut_SCN10A,0.0,0.0,mutation
mut_ZNF729,0.0,0.0,mutation
mut_NRXN3,0.0,0.0,mutation
mut_UNC13B,0.0,0.0,mutation
mut_BICRA,0.0,0.0,mutation
mut_LOXHD1,0.0,0.0,mutation
mut_PRRC2C,0.0,0.0,mutation
mut_F8,0.0,0.0,mutation
mut_GOLGB1,0.0,0.0,mutation
mut_STARD9,0.0,0.0,mutation
mut_TEX15,0.0,0.0,mutation
mut_LRRIQ1,0.0,0.0,mutation
mut_NCOR2,0.0,0.0,mutation
mut_CACNA1A,0.0,0.0,mutation
mut_KIF26B,0.0,0.0,mutation
mut_THSD7A,0.0,0.0,mutation
mut_PCDH10,0.0,0.0,mutation
mut_SYNE1,0.0,0.0,mutation
mut_TENM1,0.0,0.0,mutation
mut_MYH13,0.0,0.0,mutation
fusion_ACIN1--ACIN1,0.0,0.0,fusion
fusion_TFAM--TFAM,0.0,0.0,fusion
fusion_BOLA2B--SMG1P5,0.0,0.0,fusion
fusion_KRT7--KRT8,0.0,0.0,fusion
fusion_KIF20B--KIF20B,0.0,0.0,fusion
fusion_RP11-706O15.1--RP11-706O15.1,0.0,0.0,fusion
fusion_FBXW8--FBXW8,0.0,0.0,fusion
fusion_AC112229.1--LINC01123,0.0,0.0,fusion
fusion_PDCD6--PDCD6,0.0,0.0,fusion
fusion_SLC25A5--SLC25A6,0.0,0.0,fusion
fusion_MAFIP--RP11-241F15.1,0.0,0.0,fusion
fusion_MID1--RP11-120D5.1,0.0,0.0,fusion
fusion_HMGB1P1--USPL1,0.0,0.0,fusion
fusion_FRG1DP--MLLT10P1,0.0,0.0,fusion
fusion_RP1-163M9.8--RP4-798A10.4,0.0,0.0,fusion
fusion_NBEA--RP11-467L19.16,0.0,0.0,fusion
fp_37,0.0,0.0,fingerprint
fp_39,0.0,0.0,fingerprint
fp_40,0.0,0.0,fingerprint
fp_587,0.0,0.0,fingerprint
fp_591,0.0,0.0,fingerprint
fp_594,0.0,0.0,fingerprint
fp_9,0.0,0.0,fingerprint
fp_18,0.0,0.0,fingerprint
fp_19,0.0,0.0,fingerprint
fp_20,0.0,0.0,fingerprint
fp_22,0.0,0.0,fingerprint
fusion_ARHGEF35--ARHGEF35,0.0,0.0,fusion
fusion_SC22CB-56B3.1--U2,0.0,0.0,fusion
fusion_THAP9-AS1--THAP9-AS1,0.0,0.0,fusion
fusion_CALM2--CALM3,0.0,0.0,fusion
fusion_RP4-669L17.4--RPL23AP53,0.0,0.0,fusion
fusion_MAFIP--BP-2189O9.5,0.0,0.0,fusion
PROM2 (150696),0.0,0.0,gene_expression
fusion_WASH5P--WASH6P,0.0,0.0,fusion
fusion_RP11-1277N13.1--BP-21264C1.2,0.0,0.0,fusion
fusion_LINC02249--RP11-624A21.1,0.0,0.0,fusion
fusion_UPP1--UPP1,0.0,0.0,fusion
fusion_RP11-341D18.2--RP4-614C10.3,0.0,0.0,fusion
fusion_TENM1--TENM1,0.0,0.0,fusion
fusion_RP11-65B23.3--SMOX,0.0,0.0,fusion
fusion_OTUD7A--RP11-736I24.5,0.0,0.0,fusion
fusion_CTSC--CTSC,0.0,0.0,fusion
fusion_ACTR3B--RP11-545G3.1,0.0,0.0,fusion
fusion_C1QTNF3--LINC02241,0.0,0.0,fusion
fusion_CTBP2P1--U2,0.0,0.0,fusion
fusion_DDX11--DDX11,0.0,0.0,fusion
fusion_RP11-264B17.2--RP11-264B17.2,0.0,0.0,fusion
fusion_DNAJC7--DNAJC7,0.0,0.0,fusion
fusion_RP5-1056H1.2--RP5-1056H1.2,0.0,0.0,fusion
fusion_CENPL--RN7SKP160,0.0,0.0,fusion
fusion_DUXAP9--LA16C-60G3.6,0.0,0.0,fusion
fusion_FAM230C--RP4-614C10.3,0.0,0.0,fusion
fusion_MAFIP--MTND3P22,0.0,0.0,fusion
fusion_HNRNPA1--HNRNPA3,0.0,0.0,fusion
fusion_AF277315.13--ATF4P2,0.0,0.0,fusion
fusion_CLTC--VMP1,0.0,0.0,fusion
fusion_UBIAD1--UBIAD1,0.0,0.0,fusion
fusion_RHOA--RHOC,0.0,0.0,fusion
fusion_KRT8--VIM,0.0,0.0,fusion
fusion_NIF3L1--NIF3L1,0.0,0.0,fusion
fusion_CTSC--RP11-657K20.3,0.0,0.0,fusion
fusion_FGF12--MB21D2,0.0,0.0,fusion
cn_EHF (26298),0.0,0.0,copy_number
fusion_CDKN2B-AS1--MTAP,0.0,0.0,fusion
fusion_LINC00958--TEAD1,0.0,0.0,fusion
fusion_RP11-206L10.2--RP11-54O7.1,0.0,0.0,fusion
fusion_MYLK--SVEP1,0.0,0.0,fusion
fusion_USP18--XXBAC-B33L19.6,0.0,0.0,fusion
fusion_RP11-307P5.1--SASH1,0.0,0.0,fusion
fusion_RP11-1281K21.9--TEKT4P2,0.0,0.0,fusion
fusion_RP11-206L10.2--RP11-54O7.16,0.0,0.0,fusion
fp_235,0.0,0.0,fingerprint
fusion_SEPTIN7P15--SEPTIN7P7,0.0,0.0,fusion
fusion_NUDT16L2P--NUDT16L2P,0.0,0.0,fusion
fusion_COL14A1--FGFR2,0.0,0.0,fusion
fusion_ANAPC1--RMND5A,0.0,0.0,fusion
fusion_CTC-338M12.9--U2,0.0,0.0,fusion
fp_234,0.0,0.0,fingerprint
fusion_CRISPLD1--RP11-758M4.4,0.0,0.0,fusion
target_token_FNTA,0.0,0.0,target_multihot
fusion_B2M--MTCO1P40,0.0,0.0,fusion
fusion_CDKN2A--MTAP,0.0,0.0,fusion
fusion_RP5-1059H15.1--XCL1,0.0,0.0,fusion
fusion_AC013271.7--GCC2-AS1,0.0,0.0,fusion
fusion_EXOSC2--EXOSC2,0.0,0.0,fusion
fusion_GCC2-AS1--LIMS3,0.0,0.0,fusion
fusion_SLC7A1--SLC7A1,0.0,0.0,fusion
fusion_MAFIP--RP11-1281K21.9,0.0,0.0,fusion
fusion_MAFIP--RP11-1277N13.1,0.0,0.0,fusion
fusion_GAPDH--KRT18,0.0,0.0,fusion
fusion_DENND3--DENND3,0.0,0.0,fusion
fusion_RP11-416O18.3--SATB1-AS1,0.0,0.0,fusion
fusion_CCDC146--PMS2P8,0.0,0.0,fusion
fusion_RPS6KB1--VMP1,0.0,0.0,fusion
fusion_CCDC7--ITGB1P1,0.0,0.0,fusion
fusion_FAM85B--RP11-419I17.1,0.0,0.0,fusion
fusion_MIR3180-4--PKD1P5,0.0,0.0,fusion
fusion_ACO1--HMGB3P23,0.0,0.0,fusion
fusion_TUBB--TUBB4B,0.0,0.0,fusion
fusion_FTX--FTX,0.0,0.0,fusion
fusion_PKD1P6--RP11-14N9.2,0.0,0.0,fusion
fusion_MIR3180-4--PKD1P1,0.0,0.0,fusion
fusion_LINGO2--MIR873,0.0,0.0,fusion
fusion_AC010967.2--AC010967.2,0.0,0.0,fusion
fusion_DUX4L37--FRG1DP,0.0,0.0,fusion
fusion_CH17-189H20.1--SEC22B3P,0.0,0.0,fusion
fusion_AL163953.3--RP11-626A5.2,0.0,0.0,fusion
fusion_UBB--UBC,0.0,0.0,fusion
fusion_RP11-395B20.2--TYW1,0.0,0.0,fusion
fusion_HEPHL1--PANX1,0.0,0.0,fusion
fusion_CTA-481E9.3--RP11-14N9.2,0.0,0.0,fusion
fusion_NME1--NME2,0.0,0.0,fusion
fusion_CASC19--CASC8,0.0,0.0,fusion
fusion_ACTN1--ACTN4,0.0,0.0,fusion
fusion_LSAMP--RP11-384F7.2,0.0,0.0,fusion
fusion_RP11-96H19.1--RP11-96H19.1,0.0,0.0,fusion
fusion_IGSF10--RP11-312P21.2,0.0,0.0,fusion
fusion_CCDC146--FBXL13,0.0,0.0,fusion
fusion_EFL1--GOLGA6L11P,0.0,0.0,fusion
fusion_LINC01239--RP11-408N14.1,0.0,0.0,fusion
fusion_CTA-481E9.4--RP11-14N9.2,0.0,0.0,fusion
fusion_ARHGAP11B--RP5-1086D14.6,0.0,0.0,fusion
fusion_MAFIP--RP11-241F15.7,0.0,0.0,fusion
fusion_KRT6A--KRT8,0.0,0.0,fusion
fusion_PDXDC1--PKD1P5,0.0,0.0,fusion
fusion_FBXL13--RP11-467H10.2,0.0,0.0,fusion
fusion_HNRNPA1--HNRNPA2B1,0.0,0.0,fusion
fusion_ADAMTS6--TDRD5,0.0,0.0,fusion
fusion_PARP6--PARP6,0.0,0.0,fusion
fusion_KMT2C--OVOS2,0.0,0.0,fusion
fusion_FLNA--FLNB,0.0,0.0,fusion
fusion_PRH2--TAS2R14,0.0,0.0,fusion
fusion_LINC01123--RP11-1223D19.6,0.0,0.0,fusion
fusion_ESPNP--RP1-163M9.8,0.0,0.0,fusion
fusion_PVT1--SNTB1,0.0,0.0,fusion
fusion_CASC8--PVT1,0.0,0.0,fusion
fusion_SNHG4--SNHG4,0.0,0.0,fusion
fusion_MTAP--RP11-408N14.1,0.0,0.0,fusion
fusion_LINC00511--SLC39A11,0.0,0.0,fusion
fusion_CTBP2P1--KMT2C,0.0,0.0,fusion
fusion_PCAT1--PVT1,0.0,0.0,fusion
fusion_MYC--PVT1,0.0,0.0,fusion
fusion_CLINT1--CLINT1,0.0,0.0,fusion
fusion_AKR1C2--AKR1C3,0.0,0.0,fusion
fusion_RNU6-1060P--RP1-209A6.1,0.0,0.0,fusion
fusion_KMT2C--PARP4P1,0.0,0.0,fusion
fusion_CCDC146--CH17-264B6.3,0.0,0.0,fusion
fusion_RP4-594A5.1--TAB3,0.0,0.0,fusion
fusion_PTMAP5--RP11-400M8.1,0.0,0.0,fusion
fusion_PAPPA2--RP11-195C7.1,0.0,0.0,fusion
fusion_CTA-481E9.3--RP11-14N9.3,0.0,0.0,fusion
fusion_CH507-528H12.1--FTH1,0.0,0.0,fusion
fusion_IRF1--TBC1D32,0.0,0.0,fusion
fusion_ANO8--GTPBP3,0.0,0.0,fusion
fusion_RP11-719N9.1--RP11-719N9.1,0.0,0.0,fusion
fusion_CTD-3006G17.2--RP11-384J4.2,0.0,0.0,fusion
fusion_CFL1--LDHA,0.0,0.0,fusion
fusion_AGAP4--FRMPD2,0.0,0.0,fusion
fusion_KMT2C--SC22CB-56B3.1,0.0,0.0,fusion
fp_569,0.0,0.0,fingerprint
fp_571,0.0,0.0,fingerprint
fp_572,0.0,0.0,fingerprint
fp_574,0.0,0.0,fingerprint
fp_584,0.0,0.0,fingerprint
fp_25,0.0,0.0,fingerprint
fp_28,0.0,0.0,fingerprint
fp_29,0.0,0.0,fingerprint
fp_30,0.0,0.0,fingerprint
target_token_SMO,0.0,0.0,target_multihot
fp_34,0.0,0.0,fingerprint
fp_35,0.0,0.0,fingerprint
target_token_MODULATOR_OF_NF_KAPPA_B_SIGNALING,0.0,0.0,target_multihot
target_token_MODULATOR_OF_ROS,0.0,0.0,target_multihot
rppa_Fibronectin,0.0,0.0,rppa
rppa_S6_pS235_S236,0.0,0.0,rppa
target_token_DRD2,0.0,0.0,target_multihot
fp_566,0.0,0.0,fingerprint
fp_567,0.0,0.0,fingerprint
fp_568,0.0,0.0,fingerprint
fp_41,0.0,0.0,fingerprint
fp_42,0.0,0.0,fingerprint
target_token_TTK,0.0,0.0,target_multihot
fp_44,0.0,0.0,fingerprint
fp_45,0.0,0.0,fingerprint
fp_46,0.0,0.0,fingerprint
fp_48,0.0,0.0,fingerprint
fp_50,0.0,0.0,fingerprint
fp_52,0.0,0.0,fingerprint
fp_54,0.0,0.0,fingerprint
fp_55,0.0,0.0,fingerprint
target_token_ORGANOPLATINUM_REAGENT,0.0,0.0,target_multihot
pathway_token_P53_PATHWAY,0.0,0.0,pathway_multihot
rppa_p53_Caution,0.0,0.0,rppa
target_token_BCL_XL,0.0,0.0,target_multihot
FADS2 (9415),0.0,0.0,gene_expression
target_token_SYK,0.0,0.0,target_multihot
fp_544,0.0,0.0,fingerprint
fp_545,0.0,0.0,fingerprint
fp_546,0.0,0.0,fingerprint
fp_548,0.0,0.0,fingerprint
fp_549,0.0,0.0,fingerprint
fp_550,0.0,0.0,fingerprint
fp_551,0.0,0.0,fingerprint
fp_552,0.0,0.0,fingerprint
fp_553,0.0,0.0,fingerprint
fp_554,0.0,0.0,fingerprint
fp_556,0.0,0.0,fingerprint
fp_557,0.0,0.0,fingerprint
fp_558,0.0,0.0,fingerprint
fp_560,0.0,0.0,fingerprint
fp_563,0.0,0.0,fingerprint
fp_565,0.0,0.0,fingerprint
target_token_PKC,0.0,0.0,target_multihot
fp_218,0.0,0.0,fingerprint
fp_525,0.0,0.0,fingerprint
fp_527,0.0,0.0,fingerprint
fp_528,0.0,0.0,fingerprint
fp_529,0.0,0.0,fingerprint
fp_530,0.0,0.0,fingerprint
fp_531,0.0,0.0,fingerprint
fp_533,0.0,0.0,fingerprint
fp_534,0.0,0.0,fingerprint
fp_535,0.0,0.0,fingerprint
fp_536,0.0,0.0,fingerprint
fp_537,0.0,0.0,fingerprint
fp_538,0.0,0.0,fingerprint
fp_539,0.0,0.0,fingerprint
fp_540,0.0,0.0,fingerprint
fp_542,0.0,0.0,fingerprint
fp_543,0.0,0.0,fingerprint
fp_219,0.0,0.0,fingerprint
rppa_AMPK_pT172,0.0,0.0,rppa
rppa_HER3,0.0,0.0,rppa
fp_220,0.0,0.0,fingerprint
fp_70,0.0,0.0,fingerprint
fp_71,0.0,0.0,fingerprint
fp_72,0.0,0.0,fingerprint
fp_505,0.0,0.0,fingerprint
fp_506,0.0,0.0,fingerprint
fp_507,0.0,0.0,fingerprint
fp_509,0.0,0.0,fingerprint
fp_510,0.0,0.0,fingerprint
fp_513,0.0,0.0,fingerprint
fp_514,0.0,0.0,fingerprint
fp_515,0.0,0.0,fingerprint
fp_516,0.0,0.0,fingerprint
fp_517,0.0,0.0,fingerprint
fp_521,0.0,0.0,fingerprint
fp_522,0.0,0.0,fingerprint
fp_523,0.0,0.0,fingerprint
fp_221,0.0,0.0,fingerprint
rppa_Snail_Caution,0.0,0.0,rppa
fp_223,0.0,0.0,fingerprint
rppa_c-Met_Caution,0.0,0.0,rppa
fp_224,0.0,0.0,fingerprint
fp_495,0.0,0.0,fingerprint
fp_496,0.0,0.0,fingerprint
fp_498,0.0,0.0,fingerprint
fp_500,0.0,0.0,fingerprint
fp_501,0.0,0.0,fingerprint
fp_502,0.0,0.0,fingerprint
fp_503,0.0,0.0,fingerprint
fp_504,0.0,0.0,fingerprint
fp_57,0.0,0.0,fingerprint
fp_60,0.0,0.0,fingerprint
fp_61,0.0,0.0,fingerprint
fp_65,0.0,0.0,fingerprint
fp_66,0.0,0.0,fingerprint
fp_67,0.0,0.0,fingerprint
fp_68,0.0,0.0,fingerprint
fp_225,0.0,0.0,fingerprint
fp_226,0.0,0.0,fingerprint
fp_228,0.0,0.0,fingerprint
mut_PTPRZ1,0.0,0.0,mutation
fp_229,0.0,0.0,fingerprint
target_token_ERK5,0.0,0.0,target_multihot
cn_CORO1A (11151),0.0,0.0,copy_number
rppa_C-Raf(MP05-739),0.0,0.0,rppa
cn_CD9 (928),0.0,0.0,copy_number
fp_84,0.0,0.0,fingerprint
fp_85,0.0,0.0,fingerprint
fp_88,0.0,0.0,fingerprint
fp_473,0.0,0.0,fingerprint
fp_474,0.0,0.0,fingerprint
fp_476,0.0,0.0,fingerprint
fp_479,0.0,0.0,fingerprint
fp_480,0.0,0.0,fingerprint
fp_481,0.0,0.0,fingerprint
fp_482,0.0,0.0,fingerprint
fp_483,0.0,0.0,fingerprint
fp_488,0.0,0.0,fingerprint
fp_490,0.0,0.0,fingerprint
fp_493,0.0,0.0,fingerprint
fp_494,0.0,0.0,fingerprint
cn_TFPI (7035),0.0,0.0,copy_number
cn_CNN3 (1266),0.0,0.0,copy_number
rppa_RAD51,0.0,0.0,rppa
cn_S100A10 (6281),0.0,0.0,copy_number
rppa_ETS-1,0.0,0.0,rppa
cn_MYOF (26509),0.0,0.0,copy_number
fp_464,0.0,0.0,fingerprint
fp_465,0.0,0.0,fingerprint
fp_466,0.0,0.0,fingerprint
fp_467,0.0,0.0,fingerprint
fp_468,0.0,0.0,fingerprint
fp_469,0.0,0.0,fingerprint
fp_471,0.0,0.0,fingerprint
fp_472,0.0,0.0,fingerprint
fp_73,0.0,0.0,fingerprint
fp_75,0.0,0.0,fingerprint
fp_76,0.0,0.0,fingerprint
fp_77,0.0,0.0,fingerprint
fp_78,0.0,0.0,fingerprint
fp_79,0.0,0.0,fingerprint
fp_81,0.0,0.0,fingerprint
fp_82,0.0,0.0,fingerprint
cn_EIF1AY (9086),0.0,0.0,copy_number
cn_COL6A1 (1291),0.0,0.0,copy_number
ESRP2 (80004),0.0,0.0,gene_expression
cn_MT2A (4502),0.0,0.0,copy_number
cn_IRAG2 (4033),0.0,0.0,copy_number
cn_SNRPN (6638),0.0,0.0,copy_number
cn_LGALS3BP (3959),0.0,0.0,copy_number
fp_443,0.0,0.0,fingerprint
fp_444,0.0,0.0,fingerprint
fp_445,0.0,0.0,fingerprint
fp_446,0.0,0.0,fingerprint
fp_447,0.0,0.0,fingerprint
fp_448,0.0,0.0,fingerprint
fp_449,0.0,0.0,fingerprint
fp_450,0.0,0.0,fingerprint
fp_453,0.0,0.0,fingerprint
fp_455,0.0,0.0,fingerprint
fp_456,0.0,0.0,fingerprint
fp_457,0.0,0.0,fingerprint
fp_458,0.0,0.0,fingerprint
fp_460,0.0,0.0,fingerprint
fp_461,0.0,0.0,fingerprint
fp_463,0.0,0.0,fingerprint
SDC1 (6382),0.0,0.0,gene_expression
rppa_ERCC1_Caution,0.0,0.0,rppa
cn_SLC43A3 (29015),0.0,0.0,copy_number
cn_SCNN1A (6337),0.0,0.0,copy_number
cn_MALL (7851),0.0,0.0,copy_number
cn_LSR (51599),0.0,0.0,copy_number
cn_LAMB3 (3914),0.0,0.0,copy_number
cn_CD70 (970),0.0,0.0,copy_number
cn_COL3A1 (1281),0.0,0.0,copy_number
target_expr_interaction_FGFR2__FGFR2 (2263),0.0,0.0,target_expression_interaction
cn_PRSS8 (5652),0.0,0.0,copy_number
target_expr_interaction_SYK__SYK (6850),0.0,0.0,target_expression_interaction
target_expr_interaction_AXL__AXL (558),0.0,0.0,target_expression_interaction
cn_MMP1 (4312),0.0,0.0,copy_number
cn_HLA-B (3106),0.0,0.0,copy_number
CTSS (1520),0.0,0.0,gene_expression
fp_434,0.0,0.0,fingerprint
fp_435,0.0,0.0,fingerprint
cn_CEACAM6 (4680),0.0,0.0,copy_number
fp_438,0.0,0.0,fingerprint
fp_439,0.0,0.0,fingerprint
fp_89,0.0,0.0,fingerprint
fp_91,0.0,0.0,fingerprint
fp_92,0.0,0.0,fingerprint
fp_93,0.0,0.0,fingerprint
fp_95,0.0,0.0,fingerprint
fp_97,0.0,0.0,fingerprint
fp_99,0.0,0.0,fingerprint
fp_100,0.0,0.0,fingerprint
fp_101,0.0,0.0,fingerprint
fp_104,0.0,0.0,fingerprint
fp_442,0.0,0.0,fingerprint
target_expr_interaction_FGFR4__FGFR4 (2264),0.0,0.0,target_expression_interaction
target_expr_interaction_PLAUR__PLAUR (5329),0.0,0.0,target_expression_interaction
target_expr_interaction_HSPA1A__HSPA1A (3303),0.0,0.0,target_expression_interaction
target_expr_interaction_LDHB__LDHB (3945),0.0,0.0,target_expression_interaction
target_expr_interaction_ANPEP__ANPEP (290),0.0,0.0,target_expression_interaction
target_expr_interaction_DDR1__DDR1 (780),0.0,0.0,target_expression_interaction
target_expr_interaction_ERBB3__ERBB3 (2065),0.0,0.0,target_expression_interaction
target_expr_interaction_FYN__FYN (2534),0.0,0.0,target_expression_interaction
PUTATIVE_TARGET_ABCG2,0.0,0.0,target
PUTATIVE_TARGET_ABL,0.0,0.0,target
"PUTATIVE_TARGET_ABL, KIT, PDGFR",0.0,0.0,target
"PUTATIVE_TARGET_ABL, PDGFRA, VEGFR2, FGFR1, SRC, TIE2, FLT3",0.0,0.0,target
"PUTATIVE_TARGET_ABL, SRC",0.0,0.0,target
"PUTATIVE_TARGET_ABL, SRC, Ephrins, PDGFR, KIT",0.0,0.0,target
PUTATIVE_TARGET_ABL1;BCR;KIT,0.0,0.0,target
PUTATIVE_TARGET_ABL1;SRC,0.0,0.0,target
PUTATIVE_TARGET_ACAT1,0.0,0.0,target
PUTATIVE_TARGET_ACER1;ACER2;ACER3;ASAH1;ASAH2;ASAH2B,0.0,0.0,target
PUTATIVE_TARGET_ADORA2A,0.0,0.0,target
PUTATIVE_TARGET_AHR,0.0,0.0,target
PUTATIVE_TARGET_AKT,0.0,0.0,target
PUTATIVE_TARGET_AKT1,0.0,0.0,target
"PUTATIVE_TARGET_AKT1, AKT2",0.0,0.0,target
"PUTATIVE_TARGET_AKT1, AKT2, AKT3",0.0,0.0,target
PUTATIVE_TARGET_AKT1;AKT2;AKT3;RPS6KB2,0.0,0.0,target
PUTATIVE_TARGET_AKT1;EGFR,0.0,0.0,target
PUTATIVE_TARGET_ALK5,0.0,0.0,target
PUTATIVE_TARGET_ALK;MET,0.0,0.0,target
PUTATIVE_TARGET_ALK;MET;BRAF,0.0,0.0,target
PUTATIVE_TARGET_ANPEP;LAP3;NPEPPS,0.0,0.0,target
PUTATIVE_TARGET_APH1A;NCSTN;PSEN1;PSENEN,0.0,0.0,target
PUTATIVE_TARGET_AR,0.0,0.0,target
PUTATIVE_TARGET_ARAF;BRAF;RAF1,0.0,0.0,target
PUTATIVE_TARGET_ARF1,0.0,0.0,target
PUTATIVE_TARGET_ARFGAP1,0.0,0.0,target
PUTATIVE_TARGET_ATM,0.0,0.0,target
PUTATIVE_TARGET_ATM;ATR,0.0,0.0,target
PUTATIVE_TARGET_ATR,0.0,0.0,target
"PUTATIVE_TARGET_AURKA, AURKB",0.0,0.0,target
"PUTATIVE_TARGET_AURKA, AURKB, AURKC, others",0.0,0.0,target
"PUTATIVE_TARGET_AURKA, AURKC",0.0,0.0,target
PUTATIVE_TARGET_AURKA;AURKB,0.0,0.0,target
PUTATIVE_TARGET_AURKA;AURKB;AURKC,0.0,0.0,target
PUTATIVE_TARGET_AURKA;AURKB;BCL2;BCL2L1;BCL2L2,0.0,0.0,target
PUTATIVE_TARGET_AURKA;FLT3,0.0,0.0,target
PUTATIVE_TARGET_AURKB,0.0,0.0,target
PUTATIVE_TARGET_AXL,0.0,0.0,target
PUTATIVE_TARGET_Antimetabolite,0.0,0.0,target
PUTATIVE_TARGET_BAX,0.0,0.0,target
PUTATIVE_TARGET_BCL-2 selective,0.0,0.0,target
PUTATIVE_TARGET_BCL2,0.0,0.0,target
"PUTATIVE_TARGET_BCL2, BCL-XL, BCL-W",0.0,0.0,target
PUTATIVE_TARGET_BCL2;BCL2L1,0.0,0.0,target
PUTATIVE_TARGET_BCL2;BCL2L1;BCL2L2,0.0,0.0,target
PUTATIVE_TARGET_BCL2;BCL2L1;BCL2L2;BRAF,0.0,0.0,target
PUTATIVE_TARGET_BCL2;BCL2L1;BCL2L2;BRAF;FLT3;KDR;RAF1,0.0,0.0,target
PUTATIVE_TARGET_BCL2;BCL2L1;BCL2L2;CMPK1;RRM1;TYMS,0.0,0.0,target
PUTATIVE_TARGET_BCL2;BCL2L1;BCL2L2;DIABLO;XIAP,0.0,0.0,target
PUTATIVE_TARGET_BCL2;BCL2L1;BCL2L2;MAPK1;RASAL1,0.0,0.0,target
PUTATIVE_TARGET_BCL2;BCL2L1;BCL2L2;TERT,0.0,0.0,target
PUTATIVE_TARGET_BCL2;BCL2L1;LDHA;LDHB;LDHC,0.0,0.0,target
PUTATIVE_TARGET_BCL2;BCL2L1;MCL1,0.0,0.0,target
PUTATIVE_TARGET_BCL2L1,0.0,0.0,target
PUTATIVE_TARGET_BCL2L10,0.0,0.0,target
PUTATIVE_TARGET_BIRC5,0.0,0.0,target
PUTATIVE_TARGET_BMX,0.0,0.0,target
PUTATIVE_TARGET_BRAF,0.0,0.0,target
PUTATIVE_TARGET_BRAF;FLT3;KDR;RAF1,0.0,0.0,target
PUTATIVE_TARGET_BRAF;KDR;KIT;RET,0.0,0.0,target
"PUTATIVE_TARGET_BRD2, BRD3, BRD4",0.0,0.0,target
"PUTATIVE_TARGET_BRD2, BRD3, BRD4, BRDT",0.0,0.0,target
PUTATIVE_TARGET_BRD2;BRD3;BRD4,0.0,0.0,target
PUTATIVE_TARGET_BRDT,0.0,0.0,target
PUTATIVE_TARGET_BRDT;APH1A;NCSTN;PSEN1;PSENEN,0.0,0.0,target
PUTATIVE_TARGET_BRDT;BCL2;BCL2L1;BCL2L2,0.0,0.0,target
PUTATIVE_TARGET_BRDT;HDAC1;HDAC2;HDAC3;HDAC6;HDAC8,0.0,0.0,target
PUTATIVE_TARGET_BTK,0.0,0.0,target
PUTATIVE_TARGET_CA9,0.0,0.0,target
PUTATIVE_TARGET_CAMK2,0.0,0.0,target
PUTATIVE_TARGET_CCNB1;CDK1;CDK5;CDK5R1,0.0,0.0,target
PUTATIVE_TARGET_CDC25A;CDC25B;CDC25C,0.0,0.0,target
cn_CRYAB (1410),0.0,0.0,copy_number
"PUTATIVE_TARGET_CDK1,CDK2,CDK5,CDK7,CDK9, PKC",0.0,0.0,target
PUTATIVE_TARGET_CDK16;CDK17;CDK2;CDK7;CDK9;CDKL5,0.0,0.0,target
PUTATIVE_TARGET_CDK1;CDK2;CDK4;CDK5;CDK7;CDK9,0.0,0.0,target
PUTATIVE_TARGET_CDK1;CDK2;CDK4;CDK6,0.0,0.0,target
PUTATIVE_TARGET_CDK1;CDK2;CDK5;CDK9,0.0,0.0,target
"PUTATIVE_TARGET_CDK2, CDK7, CDK5",0.0,0.0,target
"PUTATIVE_TARGET_CDK2, CDK7, CDK9",0.0,0.0,target
PUTATIVE_TARGET_CDK9,0.0,0.0,target
PUTATIVE_TARGET_CERS1;CERS2;CERS3;CERS4;CERS5;CERS6,0.0,0.0,target
PUTATIVE_TARGET_CLK1;CLK4,0.0,0.0,target
PUTATIVE_TARGET_CLTA;CLTB;CLTC;CLTCL1,0.0,0.0,target
PUTATIVE_TARGET_CMPK1;RRM1;TYMS,0.0,0.0,target
PUTATIVE_TARGET_CNR2,0.0,0.0,target
PUTATIVE_TARGET_CSNK1D;CSNK1E,0.0,0.0,target
fp_411,0.0,0.0,fingerprint
fp_413,0.0,0.0,fingerprint
fp_414,0.0,0.0,fingerprint
fp_415,0.0,0.0,fingerprint
fp_416,0.0,0.0,fingerprint
fp_417,0.0,0.0,fingerprint
fp_418,0.0,0.0,fingerprint
fp_419,0.0,0.0,fingerprint
fp_421,0.0,0.0,fingerprint
fp_422,0.0,0.0,fingerprint
fp_423,0.0,0.0,fingerprint
fp_425,0.0,0.0,fingerprint
fp_426,0.0,0.0,fingerprint
fp_430,0.0,0.0,fingerprint
fp_431,0.0,0.0,fingerprint
fp_432,0.0,0.0,fingerprint
PUTATIVE_TARGET_CSNK2A1;CSNK2A2,0.0,0.0,target
PUTATIVE_TARGET_CTSL1,0.0,0.0,target
PUTATIVE_TARGET_CUL1;SKP1,0.0,0.0,target
PUTATIVE_TARGET_CXCR2,0.0,0.0,target
PUTATIVE_TARGET_CYP17A1,0.0,0.0,target
PUTATIVE_TARGET_DCLK1;LRRK2,0.0,0.0,target
PUTATIVE_TARGET_DDR1,0.0,0.0,target
PUTATIVE_TARGET_DHX9;ERG;ETV1,0.0,0.0,target
PUTATIVE_TARGET_DIABLO;XIAP,0.0,0.0,target
SEMA3C (10512),0.0,0.0,gene_expression
cn_ADGRG1 (9289),0.0,0.0,copy_number
GLUL (2752),0.0,0.0,gene_expression
PUTATIVE_TARGET_DNA alkylator,0.0,0.0,target
PUTATIVE_TARGET_DNA alkylator; organoplatinum reagent,0.0,0.0,target
PUTATIVE_TARGET_DNM1,0.0,0.0,target
PUTATIVE_TARGET_DNMT1,0.0,0.0,target
PUTATIVE_TARGET_DNMT1;BCL2;BCL2L1;BCL2L2,0.0,0.0,target
PUTATIVE_TARGET_DOT1L;BCL2;BCL2L1;BCL2L2,0.0,0.0,target
PUTATIVE_TARGET_DRD2,0.0,0.0,target
PUTATIVE_TARGET_EG5,0.0,0.0,target
"PUTATIVE_TARGET_EGFR, ERBB2, ERBB3",0.0,0.0,target
"PUTATIVE_TARGET_EGFR, ERBB4",0.0,0.0,target
PUTATIVE_TARGET_EGFR;KDR,0.0,0.0,target
PUTATIVE_TARGET_EHMT1;EHMT2,0.0,0.0,target
PUTATIVE_TARGET_EHMT1;EHMT2;BCL2;BCL2L1;BCL2L2,0.0,0.0,target
PUTATIVE_TARGET_EIF2A,0.0,0.0,target
PUTATIVE_TARGET_EIF4A2;EIF4E;EIF4G1,0.0,0.0,target
PUTATIVE_TARGET_EP300,0.0,0.0,target
"PUTATIVE_TARGET_EP300, CBP",0.0,0.0,target
PUTATIVE_TARGET_EPHA2;KIT;LCK;SRC;YES1,0.0,0.0,target
PUTATIVE_TARGET_ERK5,0.0,0.0,target
cn_L1CAM (3897),0.0,0.0,copy_number
fp_116,0.0,0.0,fingerprint
fp_118,0.0,0.0,fingerprint
fp_119,0.0,0.0,fingerprint
fp_120,0.0,0.0,fingerprint
fp_393,0.0,0.0,fingerprint
fp_394,0.0,0.0,fingerprint
fp_396,0.0,0.0,fingerprint
fp_398,0.0,0.0,fingerprint
fp_399,0.0,0.0,fingerprint
fp_400,0.0,0.0,fingerprint
fp_404,0.0,0.0,fingerprint
fp_405,0.0,0.0,fingerprint
fp_406,0.0,0.0,fingerprint
fp_408,0.0,0.0,fingerprint
fp_409,0.0,0.0,fingerprint
fp_410,0.0,0.0,fingerprint
"PUTATIVE_TARGET_ERK5, BET",0.0,0.0,target
PUTATIVE_TARGET_ESR1,0.0,0.0,target
PUTATIVE_TARGET_ESR1;ESR2,0.0,0.0,target
PUTATIVE_TARGET_ESR1;GPER1,0.0,0.0,target
"PUTATIVE_TARGET_FAK, FAK2",0.0,0.0,target
PUTATIVE_TARGET_FAS,0.0,0.0,target
PUTATIVE_TARGET_FEN1,0.0,0.0,target
"PUTATIVE_TARGET_FGFR1, FGFR2, FGFR3",0.0,0.0,target
"PUTATIVE_TARGET_FGFR1, FGFR2, FGFR3, FGFR4",0.0,0.0,target
PUTATIVE_TARGET_FGFR1;FGFR2;FGFR3,0.0,0.0,target
PUTATIVE_TARGET_FGFR4,0.0,0.0,target
PUTATIVE_TARGET_FLT1;FLT3;KDR,0.0,0.0,target
PUTATIVE_TARGET_FLT1;FLT3;KDR;KIT;PDGFRB,0.0,0.0,target
PUTATIVE_TARGET_FLT3,0.0,0.0,target
PUTATIVE_TARGET_FLT3;KDR;MET;RET,0.0,0.0,target
PUTATIVE_TARGET_FLT3;KIT,0.0,0.0,target
PUTATIVE_TARGET_FNTA,0.0,0.0,target
PUTATIVE_TARGET_FNTA;FNTB,0.0,0.0,target
"PUTATIVE_TARGET_G9A, GLP",0.0,0.0,target
PUTATIVE_TARGET_G9a and GLP methyltransferases,0.0,0.0,target
PUTATIVE_TARGET_GLS,0.0,0.0,target
TMPRSS4 (56649),0.0,0.0,gene_expression
fp_380,0.0,0.0,fingerprint
fp_382,0.0,0.0,fingerprint
fp_383,0.0,0.0,fingerprint
fp_384,0.0,0.0,fingerprint
fp_386,0.0,0.0,fingerprint
fp_387,0.0,0.0,fingerprint
fp_388,0.0,0.0,fingerprint
fp_389,0.0,0.0,fingerprint
fp_390,0.0,0.0,fingerprint
fp_391,0.0,0.0,fingerprint
fp_105,0.0,0.0,fingerprint
fp_109,0.0,0.0,fingerprint
fp_110,0.0,0.0,fingerprint
fp_111,0.0,0.0,fingerprint
fp_112,0.0,0.0,fingerprint
fp_115,0.0,0.0,fingerprint
PUTATIVE_TARGET_GPER1,0.0,0.0,target
"PUTATIVE_TARGET_HDAC1, HDAC2",0.0,0.0,target
"PUTATIVE_TARGET_HDAC1, HDAC3",0.0,0.0,target
"PUTATIVE_TARGET_HDAC1-10, EGFR, ERBB2",0.0,0.0,target
PUTATIVE_TARGET_HDAC11,0.0,0.0,target
cn_TUSC3 (7991),0.0,0.0,copy_number
FST (10468),0.0,0.0,gene_expression
cn_CRABP2 (1382),0.0,0.0,copy_number
PUTATIVE_TARGET_HDAC1;HDAC2,0.0,0.0,target
PUTATIVE_TARGET_HDAC1;HDAC2;HDAC3;HDAC6;HDAC8;BCL2;BCL2L1;BCL2L2,0.0,0.0,target
PUTATIVE_TARGET_HDAC3,0.0,0.0,target
PUTATIVE_TARGET_HDAC6,0.0,0.0,target
"PUTATIVE_TARGET_HDAC6, HDAC10",0.0,0.0,target
PUTATIVE_TARGET_HDAC6;HDAC8,0.0,0.0,target
PUTATIVE_TARGET_HDAC8,0.0,0.0,target
PUTATIVE_TARGET_HMGCR,0.0,0.0,target
PUTATIVE_TARGET_HNF4A,0.0,0.0,target
PUTATIVE_TARGET_HRH2,0.0,0.0,target
PUTATIVE_TARGET_HSP90AA1,0.0,0.0,target
PUTATIVE_TARGET_HSP90AA1;CMPK1;RRM1;TYMS,0.0,0.0,target
PUTATIVE_TARGET_HSP90AA1;HSP90B1;PSMB1;PSMB2;PSMB5;PSMD1;PSMD2,0.0,0.0,target
PUTATIVE_TARGET_HSP90AA1;PSMB1;PSMB2;PSMB5;PSMD1;PSMD2,0.0,0.0,target
PUTATIVE_TARGET_HSPA1A;HSPA1B;HSPA1L;TP53,0.0,0.0,target
PUTATIVE_TARGET_IDH1,0.0,0.0,target
PUTATIVE_TARGET_IGF-1R,0.0,0.0,target
PUTATIVE_TARGET_IGF1R,0.0,0.0,target
"PUTATIVE_TARGET_IGF1R, IR",0.0,0.0,target
PUTATIVE_TARGET_IKBKE,0.0,0.0,target
PUTATIVE_TARGET_IKK,0.0,0.0,target
PUTATIVE_TARGET_IRAK1,0.0,0.0,target
PUTATIVE_TARGET_ITK,0.0,0.0,target
PUTATIVE_TARGET_Induces reactive oxygen species,0.0,0.0,target
PUTATIVE_TARGET_JAK1,0.0,0.0,target
"PUTATIVE_TARGET_JAK1, JAK2",0.0,0.0,target
PUTATIVE_TARGET_JAK1;JAK2,0.0,0.0,target
PUTATIVE_TARGET_JAK2,0.0,0.0,target
PUTATIVE_TARGET_JAK3,0.0,0.0,target
PUTATIVE_TARGET_JMJ histone demethylase,0.0,0.0,target
PUTATIVE_TARGET_JNK,0.0,0.0,target
PUTATIVE_TARGET_JNK1,0.0,0.0,target
"PUTATIVE_TARGET_JNK1, JNK2, JNK2",0.0,0.0,target
PUTATIVE_TARGET_KDM1A,0.0,0.0,target
PUTATIVE_TARGET_KDM6A;KDM6B,0.0,0.0,target
PUTATIVE_TARGET_KDM6B,0.0,0.0,target
PUTATIVE_TARGET_KDR;KIT,0.0,0.0,target
cn_COL4A1 (1282),0.0,0.0,copy_number
cn_ITGB4 (3691),0.0,0.0,copy_number
cn_CCDC80 (151887),0.0,0.0,copy_number
"PUTATIVE_TARGET_KIT, VEGFR2",0.0,0.0,target
PUTATIVE_TARGET_KIT;PDGFRA;PDGFRB,0.0,0.0,target
PUTATIVE_TARGET_KLF5,0.0,0.0,target
PUTATIVE_TARGET_KPNB1,0.0,0.0,target
PUTATIVE_TARGET_KS6B1 (p70S6K),0.0,0.0,target
PUTATIVE_TARGET_KSP,0.0,0.0,target
"PUTATIVE_TARGET_LCK, FYN",0.0,0.0,target
"PUTATIVE_TARGET_LRRK2, ERK5",0.0,0.0,target
PUTATIVE_TARGET_LYPLA1,0.0,0.0,target
PUTATIVE_TARGET_MAP2K1;MAP2K2;AKT1,0.0,0.0,target
PUTATIVE_TARGET_MAP2K1;MAP2K2;BCL2;BCL2L1;BCL2L2,0.0,0.0,target
PUTATIVE_TARGET_MAP2K1;MAP2K2;BRAF,0.0,0.0,target
PUTATIVE_TARGET_MAP2K1;MAP2K2;DOT1L,0.0,0.0,target
PUTATIVE_TARGET_MAP2K1;MAP2K2;HDAC1;HDAC2;HDAC3;HDAC6;HDAC8,0.0,0.0,target
PUTATIVE_TARGET_MAP2K1;MAP2K2;PIK3CA;PIK3CB;PIK3CD;PIK3CG,0.0,0.0,target
PUTATIVE_TARGET_MAP2K1;MAP2K2;RARA;RARB;RARG,0.0,0.0,target
PUTATIVE_TARGET_MAP3K8,0.0,0.0,target
PUTATIVE_TARGET_MAPK11;MAPK11;MAPK14,0.0,0.0,target
PUTATIVE_TARGET_MAPK14,0.0,0.0,target
PUTATIVE_TARGET_MCL1,0.0,0.0,target
PUTATIVE_TARGET_MCT4,0.0,0.0,target
PUTATIVE_TARGET_MDM2,0.0,0.0,target
PUTATIVE_TARGET_MDM2;MDM4,0.0,0.0,target
PUTATIVE_TARGET_MDM2;TP53,0.0,0.0,target
"PUTATIVE_TARGET_MEK5, ERK5",0.0,0.0,target
PUTATIVE_TARGET_MEN1,0.0,0.0,target
PUTATIVE_TARGET_MET,0.0,0.0,target
"PUTATIVE_TARGET_MET, ALK, ROS1",0.0,0.0,target
PUTATIVE_TARGET_MGMT,0.0,0.0,target
"PUTATIVE_TARGET_MKNK1, MKNK2",0.0,0.0,target
"PUTATIVE_TARGET_MKNK1, MKNK2, PIM1, PIM3",0.0,0.0,target
fp_371,0.0,0.0,fingerprint
fp_373,0.0,0.0,fingerprint
fp_374,0.0,0.0,fingerprint
fp_376,0.0,0.0,fingerprint
fp_122,0.0,0.0,fingerprint
fp_123,0.0,0.0,fingerprint
fp_126,0.0,0.0,fingerprint
fp_127,0.0,0.0,fingerprint
fp_129,0.0,0.0,fingerprint
fp_131,0.0,0.0,fingerprint
fp_132,0.0,0.0,fingerprint
fp_133,0.0,0.0,fingerprint
fp_134,0.0,0.0,fingerprint
fp_135,0.0,0.0,fingerprint
fp_136,0.0,0.0,fingerprint
fp_377,0.0,0.0,fingerprint
PUTATIVE_TARGET_ML239; inhibitor of breast cancer stem cell proliferation,0.0,0.0,target
"PUTATIVE_TARGET_MNK1, MNK2",0.0,0.0,target
PUTATIVE_TARGET_MPS1,0.0,0.0,target
PUTATIVE_TARGET_MRE11,0.0,0.0,target
"PUTATIVE_TARGET_MTOR, ATR",0.0,0.0,target
PUTATIVE_TARGET_MTOR;PIK3CA;PIK3CB;PIK3CD;PIK3CG,0.0,0.0,target
RHOD (29984),0.0,0.0,gene_expression
PUTATIVE_TARGET_MTOR;PIK3CA;PIK3CB;PIK3CD;PIK3CG;PRKDC,0.0,0.0,target
PUTATIVE_TARGET_MTOR;PSMB1;PSMB2;PSMB5;PSMD1;PSMD2,0.0,0.0,target
PUTATIVE_TARGET_MYH1;MYH2,0.0,0.0,target
PUTATIVE_TARGET_MetAP2,0.0,0.0,target
"PUTATIVE_TARGET_Metabo, Mitochondria",0.0,0.0,target
PUTATIVE_TARGET_NAE1,0.0,0.0,target
PUTATIVE_TARGET_NCEH1,0.0,0.0,target
PUTATIVE_TARGET_NOTCH1,0.0,0.0,target
PUTATIVE_TARGET_NPM1,0.0,0.0,target
PUTATIVE_TARGET_NR0B2,0.0,0.0,target
FOS (2353),0.0,0.0,gene_expression
PUTATIVE_TARGET_NR1H4,0.0,0.0,target
PUTATIVE_TARGET_NTRK1,0.0,0.0,target
PUTATIVE_TARGET_P2RX7,0.0,0.0,target
"PUTATIVE_TARGET_PARP1, PARP2, PARP7",0.0,0.0,target
PUTATIVE_TARGET_PARP1;PARP2,0.0,0.0,target
"PUTATIVE_TARGET_PB1, SMARCA4, SMARCA2",0.0,0.0,target
PUTATIVE_TARGET_PDE4A;PDE4B;PDE4D,0.0,0.0,target
PUTATIVE_TARGET_PDE5A,0.0,0.0,target
"PUTATIVE_TARGET_PDGFR, KIT, VEGFR",0.0,0.0,target
"PUTATIVE_TARGET_PDGFR, KIT, VEGFR, RAF",0.0,0.0,target
PUTATIVE_TARGET_PDK1,0.0,0.0,target
PUTATIVE_TARGET_PDK2,0.0,0.0,target
PUTATIVE_TARGET_PI3K,0.0,0.0,target
fp_345,0.0,0.0,fingerprint
fp_346,0.0,0.0,fingerprint
fp_348,0.0,0.0,fingerprint
fp_349,0.0,0.0,fingerprint
fp_351,0.0,0.0,fingerprint
fp_353,0.0,0.0,fingerprint
fp_354,0.0,0.0,fingerprint
fp_355,0.0,0.0,fingerprint
fp_357,0.0,0.0,fingerprint
fp_359,0.0,0.0,fingerprint
fp_362,0.0,0.0,fingerprint
fp_364,0.0,0.0,fingerprint
fp_365,0.0,0.0,fingerprint
fp_369,0.0,0.0,fingerprint
fp_370,0.0,0.0,fingerprint
"PUTATIVE_TARGET_PI3Kalpha, PI3Kdelta",0.0,0.0,target
PUTATIVE_TARGET_PI3Kbeta,0.0,0.0,target
PUTATIVE_TARGET_PI3Kdelta,0.0,0.0,target
PUTATIVE_TARGET_PI3Kgamma,0.0,0.0,target
PUTATIVE_TARGET_PICK1,0.0,0.0,target
PUTATIVE_TARGET_PIK3CA,0.0,0.0,target
PUTATIVE_TARGET_PIK3CA;PIK3CB;PIK3CD;PIK3CG,0.0,0.0,target
PUTATIVE_TARGET_PIK3CA;PIK3CB;PLK1,0.0,0.0,target
PUTATIVE_TARGET_PIK3CB,0.0,0.0,target
ANXA8 (653145),0.0,0.0,gene_expression
PUTATIVE_TARGET_PIK3CB;PIK3CD,0.0,0.0,target
PUTATIVE_TARGET_PIK3CD,0.0,0.0,target
PUTATIVE_TARGET_PIK3CD;PIK3CG,0.0,0.0,target
PUTATIVE_TARGET_PIKFYVE,0.0,0.0,target
"PUTATIVE_TARGET_PIM1, PIM2, PIM3",0.0,0.0,target
PUTATIVE_TARGET_PKC,0.0,0.0,target
"PUTATIVE_TARGET_PKC, PPK, FLT1, c-FGR, others",0.0,0.0,target
PUTATIVE_TARGET_PKCB,0.0,0.0,target
PUTATIVE_TARGET_PKD,0.0,0.0,target
PUTATIVE_TARGET_PKM,0.0,0.0,target
PUTATIVE_TARGET_PLAUR,0.0,0.0,target
PUTATIVE_TARGET_PLD1;PLD2,0.0,0.0,target
PUTATIVE_TARGET_PLD2,0.0,0.0,target
"PUTATIVE_TARGET_PLK1, PLK2, PLK3",0.0,0.0,target
PUTATIVE_TARGET_POLA1,0.0,0.0,target
PUTATIVE_TARGET_PPP3CA;PPP3CB;PPP3CC;PPP3R1;PPP3R2,0.0,0.0,target
PUTATIVE_TARGET_PRKDC,0.0,0.0,target
PUTATIVE_TARGET_PSMB1;PSMB2;PSMB5;PSMD1;PSMD2,0.0,0.0,target
PUTATIVE_TARGET_PTGS2,0.0,0.0,target
PUTATIVE_TARGET_PTK2,0.0,0.0,target
PUTATIVE_TARGET_PTP4A3,0.0,0.0,target
"PUTATIVE_TARGET_RAC1, RAC2, RAC3",0.0,0.0,target
PUTATIVE_TARGET_RAC1;TIAM1;TRIO,0.0,0.0,target
PUTATIVE_TARGET_RARA;RARB;RARG,0.0,0.0,target
PUTATIVE_TARGET_RARA;RARB;RARG;BCL2;BCL2L1;BCL2L2,0.0,0.0,target
PUTATIVE_TARGET_RARB,0.0,0.0,target
PUTATIVE_TARGET_RARG,0.0,0.0,target
PUTATIVE_TARGET_RAS effector,0.0,0.0,target
PUTATIVE_TARGET_RHOA,0.0,0.0,target
PUTATIVE_TARGET_RIPK1,0.0,0.0,target
PUTATIVE_TARGET_RNA Polymerase 1,0.0,0.0,target
PUTATIVE_TARGET_ROCK,0.0,0.0,target
PUTATIVE_TARGET_RSK,0.0,0.0,target
"PUTATIVE_TARGET_RSK, AURKB, PIM1, PIM3",0.0,0.0,target
PUTATIVE_TARGET_RSK2,0.0,0.0,target
PUTATIVE_TARGET_Retinioic X receptor (RXR) agonist,0.0,0.0,target
PUTATIVE_TARGET_Retinoic acid,0.0,0.0,target
cn_PLAC8 (51316),0.0,0.0,copy_number
cn_SPOCK1 (6695),0.0,0.0,copy_number
PUTATIVE_TARGET_S1PR1,0.0,0.0,target
PUTATIVE_TARGET_S1PR2,0.0,0.0,target
PUTATIVE_TARGET_S6K1,0.0,0.0,target
PUTATIVE_TARGET_SCARB1,0.0,0.0,target
"PUTATIVE_TARGET_SHP-1 (PTPN6), SHP-2 (PTPN11)",0.0,0.0,target
PUTATIVE_TARGET_SIRT1;SIRT2,0.0,0.0,target
PUTATIVE_TARGET_SIRT1;SIRT2;BRAF,0.0,0.0,target
PUTATIVE_TARGET_SIRT2,0.0,0.0,target
PUTATIVE_TARGET_SLC7A11;VDAC1;VDAC2,0.0,0.0,target
PUTATIVE_TARGET_SPHK1,0.0,0.0,target
"PUTATIVE_TARGET_SRC, ABL, TEC",0.0,0.0,target
"PUTATIVE_TARGET_SRC, LCK",0.0,0.0,target
"PUTATIVE_TARGET_SRC, ROCK2, NTRK2, FLT3, IRAK1, others",0.0,0.0,target
PUTATIVE_TARGET_STAT3,0.0,0.0,target
PUTATIVE_TARGET_STK33,0.0,0.0,target
PUTATIVE_TARGET_SYK,0.0,0.0,target
"PUTATIVE_TARGET_Src, Abl/Bcr-Abl, EGFR",0.0,0.0,target
PUTATIVE_TARGET_Stearoyl-CoA desaturase,0.0,0.0,target
PUTATIVE_TARGET_TACC3,0.0,0.0,target
"PUTATIVE_TARGET_TAK1, M4K2",0.0,0.0,target
"PUTATIVE_TARGET_TAK1, MAP4K2",0.0,0.0,target
PUTATIVE_TARGET_TASP1,0.0,0.0,target
"PUTATIVE_TARGET_TBK1, PDK1 (PDPK1), IKK, AURKB, AURKC",0.0,0.0,target
PUTATIVE_TARGET_TERT,0.0,0.0,target
PUTATIVE_TARGET_TGFB,0.0,0.0,target
PUTATIVE_TARGET_TGFBR1,0.0,0.0,target
"PUTATIVE_TARGET_TGFBR1, ACVR1B, ACVR1C",0.0,0.0,target
PUTATIVE_TARGET_TNKS,0.0,0.0,target
"PUTATIVE_TARGET_TNKS1, TNKS2",0.0,0.0,target
PUTATIVE_TARGET_TOP1,0.0,0.0,target
PUTATIVE_TARGET_TOP2A,0.0,0.0,target
PUTATIVE_TARGET_TOP2A;TOP2B,0.0,0.0,target
PUTATIVE_TARGET_TP53,0.0,0.0,target
PUTATIVE_TARGET_TRAIL receptor agonist,0.0,0.0,target
PUTATIVE_TARGET_TRPC6,0.0,0.0,target
PUTATIVE_TARGET_TSPO,0.0,0.0,target
PUTATIVE_TARGET_TTK and microtubules,0.0,0.0,target
PUTATIVE_TARGET_TXN,0.0,0.0,target
PUTATIVE_TARGET_TYMS,0.0,0.0,target
"PUTATIVE_TARGET_Tankyrase 1/2 (PARP5a, PARP5b)",0.0,0.0,target
PUTATIVE_TARGET_UBA1,0.0,0.0,target
PUTATIVE_TARGET_UCHL5;USP14;USP5;USP9X,0.0,0.0,target
PUTATIVE_TARGET_UGCG,0.0,0.0,target
PUTATIVE_TARGET_USP10;USP13,0.0,0.0,target
PUTATIVE_TARGET_USP13;USP5,0.0,0.0,target
PUTATIVE_TARGET_USP14,0.0,0.0,target
PUTATIVE_TARGET_USP7,0.0,0.0,target
fp_331,0.0,0.0,fingerprint
fp_335,0.0,0.0,fingerprint
fp_336,0.0,0.0,fingerprint
fp_340,0.0,0.0,fingerprint
fp_341,0.0,0.0,fingerprint
fp_344,0.0,0.0,fingerprint
fp_137,0.0,0.0,fingerprint
fp_138,0.0,0.0,fingerprint
fp_140,0.0,0.0,fingerprint
fp_141,0.0,0.0,fingerprint
fp_142,0.0,0.0,fingerprint
fp_144,0.0,0.0,fingerprint
fp_146,0.0,0.0,fingerprint
fp_148,0.0,0.0,fingerprint
fp_150,0.0,0.0,fingerprint
PUTATIVE_TARGET_VDR,0.0,0.0,target
"PUTATIVE_TARGET_VEGFR, MET, RET, KIT, FLT1, FLT3, FLT4, TIE2,AXL",0.0,0.0,target
"PUTATIVE_TARGET_VEGFR, PDGFR",0.0,0.0,target
"PUTATIVE_TARGET_VEGFR, RET, KIT, PDGFR",0.0,0.0,target
"PUTATIVE_TARGET_VEGFR1, VEGFR2, VEGFR3, CSF1R, FLT3, KIT",0.0,0.0,target
"PUTATIVE_TARGET_VEGFR1, VEGFR2, VEGFR3, PDGFR, KIT",0.0,0.0,target
cn_COL5A2 (1290),0.0,0.0,copy_number
PUTATIVE_TARGET_WEE1,0.0,0.0,target
PUTATIVE_TARGET_XIAP,0.0,0.0,target
"PUTATIVE_TARGET_XIAP, cIAP1, cIAP2",0.0,0.0,target
PUTATIVE_TARGET_analog of natural product cortistatin,0.0,0.0,target
cn_MEST (4232),0.0,0.0,copy_number
PUTATIVE_TARGET_anti-fungal agent; inhibitor of hedgehog signaling pathway,0.0,0.0,target
PUTATIVE_TARGET_aphrocallistin derivative,0.0,0.0,target
PUTATIVE_TARGET_dehydroepiandrosterone (DHEA) analog,0.0,0.0,target
PUTATIVE_TARGET_dimer of piperlongumine; inducer of ROS,0.0,0.0,target
fp_328,0.0,0.0,fingerprint
fp_153,0.0,0.0,fingerprint
fp_154,0.0,0.0,fingerprint
fp_155,0.0,0.0,fingerprint
fp_156,0.0,0.0,fingerprint
fp_158,0.0,0.0,fingerprint
fp_159,0.0,0.0,fingerprint
fp_160,0.0,0.0,fingerprint
fp_161,0.0,0.0,fingerprint
fp_163,0.0,0.0,fingerprint
fp_164,0.0,0.0,fingerprint
fp_165,0.0,0.0,fingerprint
fp_166,0.0,0.0,fingerprint
fp_167,0.0,0.0,fingerprint
fp_168,0.0,0.0,fingerprint
fp_330,0.0,0.0,fingerprint
PUTATIVE_TARGET_inducer of ROS; inhibitor of microtubule assembly,0.0,0.0,target
"PUTATIVE_TARGET_induces cell death through a non-apoptotic, mitochondrial-dependent mechanism",0.0,0.0,target
PUTATIVE_TARGET_inhibitor of HDAC1 and HDAC2,0.0,0.0,target
PUTATIVE_TARGET_inhibitor of actin polymerization,0.0,0.0,target
PUTATIVE_TARGET_inhibitor of antigen receptor-mediated NFkappaB activity,0.0,0.0,target
PUTATIVE_TARGET_inhibitor of hedgehog signaling pathway,0.0,0.0,target
PUTATIVE_TARGET_inhibitor of multiple kinases,0.0,0.0,target
PUTATIVE_TARGET_inhibitor of necroptosis,0.0,0.0,target
PUTATIVE_TARGET_inhibitor of p53-dependent signaling,0.0,0.0,target
cn_HMGA2 (8091),0.0,0.0,copy_number
CNN3 (1266),0.0,0.0,gene_expression
SULF2 (55959),0.0,0.0,gene_expression
"PUTATIVE_TARGET_mTORC1, mTORC2",0.0,0.0,target
PUTATIVE_TARGET_natural product; inducer of DNA damage,0.0,0.0,target
PUTATIVE_TARGET_natural product; inhibitor of microtubule assembly,0.0,0.0,target
PUTATIVE_TARGET_natural product; inhibitor of specificity protein 1 transcription factor in cells,0.0,0.0,target
PUTATIVE_TARGET_natural product; modulator of NFKB1 and STAT3 signaling,0.0,0.0,target
PUTATIVE_TARGET_natural product; modulator of ROS levels,0.0,0.0,target
PUTATIVE_TARGET_natural product; modulator of ROS; modulator of NF-kappa-B signaling,0.0,0.0,target
"PUTATIVE_TARGET_p38, JNK2",0.0,0.0,target
PUTATIVE_TARGET_product of diversity oriented synthesis; inhibitor of leukemic stem cells,0.0,0.0,target
cn_HTRA1 (5654),0.0,0.0,copy_number
MALL (7851),0.0,0.0,gene_expression
fp_181,0.0,0.0,fingerprint
fp_182,0.0,0.0,fingerprint
fp_183,0.0,0.0,fingerprint
fp_304,0.0,0.0,fingerprint
fp_306,0.0,0.0,fingerprint
fp_311,0.0,0.0,fingerprint
fp_320,0.0,0.0,fingerprint
fp_323,0.0,0.0,fingerprint
fp_326,0.0,0.0,fingerprint
PUTATIVE_TARGET_stapled helical peptide,0.0,0.0,target
PATHWAY_NAME_ABL signaling,0.0,0.0,pathway
PATHWAY_NAME_Chromatin other,0.0,0.0,pathway
PATHWAY_NAME_EGFR signaling,0.0,0.0,pathway
CRABP2 (1382),0.0,0.0,gene_expression
cn_EREG (2069),0.0,0.0,copy_number
PATHWAY_NAME_JNK and p38 signaling,0.0,0.0,pathway
PATHWAY_NAME_p53 pathway,0.0,0.0,pathway
OncotreeLineage_Adrenal Gland,0.0,0.0,tissue
OncotreeLineage_Ampulla of Vater,0.0,0.0,tissue
OncotreeLineage_Biliary Tract,0.0,0.0,tissue
OncotreeLineage_Bladder/Urinary Tract,0.0,0.0,tissue
OncotreeLineage_Bone,0.0,0.0,tissue
OncotreeLineage_Bowel,0.0,0.0,tissue
OncotreeLineage_CNS/Brain,0.0,0.0,tissue
OncotreeLineage_Cervix,0.0,0.0,tissue
fp_198,0.0,0.0,fingerprint
fp_199,0.0,0.0,fingerprint
fp_286,0.0,0.0,fingerprint
fp_292,0.0,0.0,fingerprint
fp_169,0.0,0.0,fingerprint
fp_170,0.0,0.0,fingerprint
fp_171,0.0,0.0,fingerprint
fp_172,0.0,0.0,fingerprint
fp_173,0.0,0.0,fingerprint
fp_174,0.0,0.0,fingerprint
fp_175,0.0,0.0,fingerprint
fp_176,0.0,0.0,fingerprint
fp_178,0.0,0.0,fingerprint
fp_179,0.0,0.0,fingerprint
fp_180,0.0,0.0,fingerprint
cn_TSTD1 (100131187),0.0,0.0,copy_number
OncotreeLineage_Fibroblast,0.0,0.0,tissue
OncotreeLineage_Head and Neck,0.0,0.0,tissue
OncotreeLineage_Kidney,0.0,0.0,tissue
OncotreeLineage_Liver,0.0,0.0,tissue
OncotreeLineage_Lymphoid,0.0,0.0,tissue
OncotreeLineage_Ovary/Fallopian Tube,0.0,0.0,tissue
OncotreeLineage_Peripheral Nervous System,0.0,0.0,tissue
OncotreeLineage_Pleura,0.0,0.0,tissue
OncotreeLineage_Prostate,0.0,0.0,tissue
OncotreeLineage_Soft Tissue,0.0,0.0,tissue
OncotreeLineage_Testis,0.0,0.0,tissue
OncotreeLineage_Thyroid,0.0,0.0,tissue
OncotreeLineage_Unknown,0.0,0.0,tissue
OncotreeLineage_Uterus,0.0,0.0,tissue
OncotreeLineage_Vulva/Vagina,0.0,0.0,tissue
pathway_token_KINASES,0.0,0.0,pathway_multihot
pathway_token_PI3K,0.0,0.0,pathway_multihot
COL6A2 (1292),0.0,0.0,gene_expression
fp_272,0.0,0.0,fingerprint
fp_185,0.0,0.0,fingerprint
fp_186,0.0,0.0,fingerprint
fp_187,0.0,0.0,fingerprint
fp_188,0.0,0.0,fingerprint
fp_189,0.0,0.0,fingerprint
fp_190,0.0,0.0,fingerprint
fp_192,0.0,0.0,fingerprint
fp_193,0.0,0.0,fingerprint
fp_194,0.0,0.0,fingerprint
fp_195,0.0,0.0,fingerprint
fp_196,0.0,0.0,fingerprint
fp_197,0.0,0.0,fingerprint
cn_TSPAN1 (10103),0.0,0.0,copy_number
cn_IGFBP5 (3488),0.0,0.0,copy_number
cn_FKBP10 (60681),0.0,0.0,copy_number
MAGEA6 (4105),0.0,0.0,gene_expression
target_token_BCL2L1,0.0,0.0,target_multihot
pathway_token_DNA_REPLICATION,0.0,0.0,pathway_multihot
pathway_token_GENOME_INTEGRITY,0.0,0.0,pathway_multihot
target_token_MET,0.0,0.0,target_multihot
pathway_token_CHROMATIN_HISTONE_ACETYLATION,0.0,0.0,pathway_multihot
fp_213,0.0,0.0,fingerprint
fp_215,0.0,0.0,fingerprint
fp_249,0.0,0.0,fingerprint
fp_252,0.0,0.0,fingerprint
fp_253,0.0,0.0,fingerprint
fp_254,0.0,0.0,fingerprint
fp_256,0.0,0.0,fingerprint
fp_259,0.0,0.0,fingerprint
fp_260,0.0,0.0,fingerprint
fp_262,0.0,0.0,fingerprint
fp_263,0.0,0.0,fingerprint
fp_265,0.0,0.0,fingerprint
fp_267,0.0,0.0,fingerprint
fp_269,0.0,0.0,fingerprint
target_token_HDAC8,0.0,0.0,target_multihot
target_token_HDAC3,0.0,0.0,target_multihot
target_token_NATURAL_PRODUCT,0.0,0.0,target_multihot
target_token_AKT1,0.0,0.0,target_multihot
cn_PRAME (23532),0.0,0.0,copy_number
target_token_PIK3CA,0.0,0.0,target_multihot
pathway_token_APOPTOSIS_REGULATION,0.0,0.0,pathway_multihot
target_token_IGF1R,0.0,0.0,target_multihot
target_token_PARP1,0.0,0.0,target_multihot
target_token_PARP2,0.0,0.0,target_multihot
target_token_PIK3CG,0.0,0.0,target_multihot
target_token_BRDT,0.0,0.0,target_multihot
target_token_DNMT1,0.0,0.0,target_multihot
target_token_RARB,0.0,0.0,target_multihot
target_token_RARG,0.0,0.0,target_multihot
target_token_JAK2,0.0,0.0,target_multihot
target_token_TP53,0.0,0.0,target_multihot
target_token_PDGFR,0.0,0.0,target_multihot
target_token_DNA_ALKYLATOR,0.0,0.0,target_multihot
target_token_PDGFRB,0.0,0.0,target_multihot
pathway_token_METABOLISM,0.0,0.0,pathway_multihot
cn_PRSS23 (11098),0.0,0.0,copy_number
target_token_ATM,0.0,0.0,target_multihot
target_token_AKT2,0.0,0.0,target_multihot
target_token_PDGFRA,0.0,0.0,target_multihot
target_token_TYMS,0.0,0.0,target_multihot
pathway_token_PROTEIN_STABILITY,0.0,0.0,pathway_multihot
target_token_DOT1L,0.0,0.0,target_multihot
cn_CDH3 (1001),0.0,0.0,copy_number
fp_239,0.0,0.0,fingerprint
fp_240,0.0,0.0,fingerprint
fp_241,0.0,0.0,fingerprint
fp_242,0.0,0.0,fingerprint
fp_246,0.0,0.0,fingerprint
fp_247,0.0,0.0,fingerprint
fp_248,0.0,0.0,fingerprint
fp_202,0.0,0.0,fingerprint
fp_203,0.0,0.0,fingerprint
fp_204,0.0,0.0,fingerprint
fp_205,0.0,0.0,fingerprint
fp_206,0.0,0.0,fingerprint
fp_207,0.0,0.0,fingerprint
fp_210,0.0,0.0,fingerprint
fp_211,0.0,0.0,fingerprint
target_token_AKT3,0.0,0.0,target_multihot
target_token_XIAP,0.0,0.0,target_multihot
target_token_INHIBITOR_OF_MICROTUBULE_ASSEMBLY,0.0,0.0,target_multihot
target_token_PSMB1,0.0,0.0,target_multihot
target_token_PSMB2,0.0,0.0,target_multihot
target_token_PSMD1,0.0,0.0,target_multihot
target_token_PSMD2,0.0,0.0,target_multihot
target_token_RARA,0.0,0.0,target_multihot
cn_LAMA4 (3910),0.0,0.0,copy_number
cn_NUPR1 (26471),0.0,0.0,copy_number
pathway_token_JNK,0.0,0.0,pathway_multihot
pathway_token_P38_SIGNALING,0.0,0.0,pathway_multihot
target_token_CDK7,0.0,0.0,target_multihot
target_token_VEGFR,0.0,0.0,target_multihot
target_token_RET,0.0,0.0,target_multihot
pathway_token_EGFR_SIGNALING,0.0,0.0,pathway_multihot
target_token_FGFR2,0.0,0.0,target_multihot
target_token_FGFR3,0.0,0.0,target_multihot
target_token_TGFBR1,0.0,0.0,target_multihot
pathway_token_UNCLASSIFIED,0.0,0.0,pathway_multihot
pathway_token_CHROMATIN_OTHER,0.0,0.0,pathway_multihot
target_token_APH1A,0.0,0.0,target_multihot
target_token_NCSTN,0.0,0.0,target_multihot
target_token_PSEN1,0.0,0.0,target_multihot
target_token_PSENEN,0.0,0.0,target_multihot
target_token_CDK5,0.0,0.0,target_multihot
target_token_JAK1,0.0,0.0,target_multihot
target_token_INDUCER_OF_ROS,0.0,0.0,target_multihot
target_token_BRD2,0.0,0.0,target_multihot
target_token_BRD3,0.0,0.0,target_multihot
target_token_BRD4,0.0,0.0,target_multihot
target_token_PRKDC,0.0,0.0,target_multihot
target_token_CMPK1,0.0,0.0,target_multihot
target_token_HMGCR,0.0,0.0,target_multihot
target_token_PI3KDELTA,0.0,0.0,target_multihot
target_token_EHMT1,0.0,0.0,target_multihot
target_token_EHMT2,0.0,0.0,target_multihot
target_token_VEGFR2,0.0,0.0,target_multihot
target_token_BAX,0.0,0.0,target_multihot
target_token_TERT,0.0,0.0,target_multihot
target_token_PIM3,0.0,0.0,target_multihot
target_token_MEK2,0.0,0.0,target_multihot
target_token_ESR1,0.0,0.0,target_multihot
target_token_IAP,0.0,0.0,target_multihot
target_token_STAPLED_HELICAL_PEPTIDE,0.0,0.0,target_multihot
cn_CSTA (1475),0.0,0.0,copy_number
target_token_TAK1,0.0,0.0,target_multihot
target_token_SIRT2,0.0,0.0,target_multihot
target_token_TOP2A,0.0,0.0,target_multihot
target_token_RAF1,0.0,0.0,target_multihot
target_token_CHEK2,0.0,0.0,target_multihot
target_token_FLT4,0.0,0.0,target_multihot
target_token_IR,0.0,0.0,target_multihot
target_token_NTRK1,0.0,0.0,target_multihot
cn_PLS3 (5358),0.0,0.0,copy_number
target_token_VEGFR3,0.0,0.0,target_multihot
target_token_MTORC1,0.0,0.0,target_multihot
target_token_MTORC2,0.0,0.0,target_multihot
target_token_PDK1_PDPK1,0.0,0.0,target_multihot
target_token_AURKC,0.0,0.0,target_multihot
fp_236,0.0,0.0,fingerprint
fp_237,0.0,0.0,fingerprint
target_token_PI3KALPHA,0.0,0.0,target_multihot
target_token_G9A,0.0,0.0,target_multihot
target_token_JNK2,0.0,0.0,target_multihot
target_token_PIM1,0.0,0.0,target_multihot
target_token_AR,0.0,0.0,target_multihot
target_token_GSK3A,0.0,0.0,target_multihot
target_token_EIF4A2,0.0,0.0,target_multihot
target_token_EIF4E,0.0,0.0,target_multihot
target_token_EIF4G1,0.0,0.0,target_multihot
target_token_HSP90B1,0.0,0.0,target_multihot
target_token_MAPK1,0.0,0.0,target_multihot
target_token_RASAL1,0.0,0.0,target_multihot
target_token_OTHERS,0.0,0.0,target_multihot
target_token_RAC1,0.0,0.0,target_multihot
target_token_USP13,0.0,0.0,target_multihot
cn_KRT14 (3861),0.0,0.0,copy_number
target_token_BCR,0.0,0.0,target_multihot
target_token_PLD2,0.0,0.0,target_multihot
target_token_PKM,0.0,0.0,target_multihot
target_token_SPHK1,0.0,0.0,target_multihot
target_token_STAT3,0.0,0.0,target_multihot
target_token_USP14,0.0,0.0,target_multihot
target_token_INHIBITOR_OF_HEDGEHOG_SIGNALING_PATHWAY,0.0,0.0,target_multihot
target_token_CDK4,0.0,0.0,target_multihot
target_token_MGMT,0.0,0.0,target_multihot
target_token_IDH1,0.0,0.0,target_multihot
cn_FOSL1 (8061),0.0,0.0,copy_number
cn_AXL (558),0.0,0.0,copy_number
target_token_TIE2,0.0,0.0,target_multihot
